n_way,k_shot,stratum,seed,episode,accuracy,contains_confusable_pair
5,1,natural,0,0,0.8,0
5,1,natural,0,1,0.92,0
5,1,natural,0,2,0.72,0
5,1,natural,0,3,0.84,0
5,1,natural,0,4,0.56,1
5,1,natural,0,5,0.88,0
5,1,natural,0,6,0.96,1
5,1,natural,0,7,0.8,0
5,1,natural,0,8,0.88,0
5,1,natural,0,9,0.56,1
5,1,natural,0,10,0.72,0
5,1,natural,0,11,0.84,0
5,1,natural,0,12,0.72,0
5,1,natural,0,13,0.72,0
5,1,natural,0,14,0.76,0
5,1,natural,0,15,0.72,1
5,1,natural,0,16,0.92,0
5,1,natural,0,17,0.68,1
5,1,natural,0,18,0.76,0
5,1,natural,0,19,0.84,0
5,1,natural,0,20,0.76,1
5,1,natural,0,21,0.96,0
5,1,natural,0,22,0.8,1
5,1,natural,0,23,0.68,0
5,1,natural,0,24,0.56,0
5,1,natural,0,25,0.84,0
5,1,natural,0,26,0.68,0
5,1,natural,0,27,0.68,0
5,1,natural,0,28,0.84,0
5,1,natural,0,29,0.68,0
5,1,natural,0,30,0.72,0
5,1,natural,0,31,0.88,0
5,1,natural,0,32,0.8,0
5,1,natural,0,33,0.84,0
5,1,natural,0,34,0.96,0
5,1,natural,0,35,0.68,0
5,1,natural,0,36,0.8,0
5,1,natural,0,37,0.84,0
5,1,natural,0,38,0.84,0
5,1,natural,0,39,0.68,1
5,1,natural,0,40,0.76,1
5,1,natural,0,41,0.8,0
5,1,natural,0,42,0.76,0
5,1,natural,0,43,0.72,0
5,1,natural,0,44,0.92,0
5,1,natural,0,45,0.76,0
5,1,natural,0,46,0.88,0
5,1,natural,0,47,0.84,1
5,1,natural,0,48,1.0,0
5,1,natural,0,49,0.88,0
5,1,natural,0,50,0.84,0
5,1,natural,0,51,0.88,0
5,1,natural,0,52,0.88,0
5,1,natural,0,53,0.48,1
5,1,natural,0,54,0.92,0
5,1,natural,0,55,0.84,0
5,1,natural,0,56,0.96,0
5,1,natural,0,57,0.84,0
5,1,natural,0,58,0.88,0
5,1,natural,0,59,0.92,0
5,1,natural,0,60,0.72,0
5,1,natural,0,61,0.84,0
5,1,natural,0,62,0.64,1
5,1,natural,0,63,0.8,0
5,1,natural,0,64,0.96,0
5,1,natural,0,65,0.92,0
5,1,natural,0,66,0.88,0
5,1,natural,0,67,0.36,1
5,1,natural,0,68,0.52,1
5,1,natural,0,69,0.88,0
5,1,natural,0,70,0.56,0
5,1,natural,0,71,0.56,0
5,1,natural,0,72,1.0,0
5,1,natural,0,73,0.96,0
5,1,natural,0,74,0.88,0
5,1,natural,0,75,1.0,0
5,1,natural,0,76,0.68,1
5,1,natural,0,77,0.64,0
5,1,natural,0,78,0.88,0
5,1,natural,0,79,0.8,0
5,1,natural,0,80,0.56,0
5,1,natural,0,81,0.6,0
5,1,natural,0,82,0.92,0
5,1,natural,0,83,0.68,1
5,1,natural,0,84,0.68,0
5,1,natural,0,85,0.76,0
5,1,natural,0,86,0.88,0
5,1,natural,0,87,0.96,0
5,1,natural,0,88,0.92,0
5,1,natural,0,89,0.68,0
5,1,natural,0,90,0.96,0
5,1,natural,0,91,0.68,1
5,1,natural,0,92,0.76,1
5,1,natural,0,93,0.84,0
5,1,natural,0,94,0.64,0
5,1,natural,0,95,0.76,0
5,1,natural,0,96,0.76,0
5,1,natural,0,97,0.88,0
5,1,natural,0,98,0.68,0
5,1,natural,0,99,0.96,0
5,1,natural,0,100,0.88,0
5,1,natural,0,101,0.88,0
5,1,natural,0,102,0.68,1
5,1,natural,0,103,0.92,0
5,1,natural,0,104,0.84,0
5,1,natural,0,105,0.64,0
5,1,natural,0,106,0.72,0
5,1,natural,0,107,0.96,0
5,1,natural,0,108,0.6,0
5,1,natural,0,109,0.92,0
5,1,natural,0,110,0.84,0
5,1,natural,0,111,0.76,0
5,1,natural,0,112,0.72,0
5,1,natural,0,113,0.88,1
5,1,natural,0,114,0.76,0
5,1,natural,0,115,0.56,1
5,1,natural,0,116,0.84,0
5,1,natural,0,117,0.8,0
5,1,natural,0,118,0.76,0
5,1,natural,0,119,0.92,0
5,1,natural,0,120,0.68,1
5,1,natural,0,121,0.92,0
5,1,natural,0,122,0.96,0
5,1,natural,0,123,0.92,0
5,1,natural,0,124,0.88,0
5,1,natural,0,125,1.0,0
5,1,natural,0,126,0.8,1
5,1,natural,0,127,0.72,0
5,1,natural,0,128,0.68,0
5,1,natural,0,129,0.64,0
5,1,natural,0,130,0.8,0
5,1,natural,0,131,0.84,0
5,1,natural,0,132,0.8,0
5,1,natural,0,133,0.44,1
5,1,natural,0,134,0.88,0
5,1,natural,0,135,0.92,0
5,1,natural,0,136,0.84,0
5,1,natural,0,137,0.72,0
5,1,natural,0,138,0.76,0
5,1,natural,0,139,0.8,0
5,1,natural,0,140,0.8,0
5,1,natural,0,141,0.8,1
5,1,natural,0,142,1.0,0
5,1,natural,0,143,0.56,0
5,1,natural,0,144,0.76,0
5,1,natural,0,145,0.56,1
5,1,natural,0,146,0.8,0
5,1,natural,0,147,0.92,0
5,1,natural,0,148,0.76,0
5,1,natural,0,149,0.96,0
5,1,natural,0,150,0.96,0
5,1,natural,0,151,0.76,1
5,1,natural,0,152,0.8,0
5,1,natural,0,153,0.68,0
5,1,natural,0,154,0.92,1
5,1,natural,0,155,0.92,0
5,1,natural,0,156,0.88,0
5,1,natural,0,157,0.68,0
5,1,natural,0,158,0.68,0
5,1,natural,0,159,0.8,0
5,1,natural,0,160,0.88,0
5,1,natural,0,161,0.64,0
5,1,natural,0,162,0.8,1
5,1,natural,0,163,0.68,1
5,1,natural,0,164,0.8,0
5,1,natural,0,165,0.76,0
5,1,natural,0,166,0.88,0
5,1,natural,0,167,0.96,0
5,1,natural,0,168,0.84,0
5,1,natural,0,169,0.96,0
5,1,natural,0,170,0.92,0
5,1,natural,0,171,0.84,0
5,1,natural,0,172,0.68,1
5,1,natural,0,173,0.64,1
5,1,natural,0,174,0.96,0
5,1,natural,0,175,0.8,0
5,1,natural,0,176,0.88,0
5,1,natural,0,177,0.88,0
5,1,natural,0,178,0.8,0
5,1,natural,0,179,0.96,0
5,1,natural,0,180,0.6,1
5,1,natural,0,181,0.92,0
5,1,natural,0,182,0.64,1
5,1,natural,0,183,0.48,0
5,1,natural,0,184,0.72,0
5,1,natural,0,185,0.64,0
5,1,natural,0,186,0.88,0
5,1,natural,0,187,0.68,0
5,1,natural,0,188,0.72,1
5,1,natural,0,189,0.88,0
5,1,natural,0,190,0.76,0
5,1,natural,0,191,0.72,0
5,1,natural,0,192,0.88,0
5,1,natural,0,193,0.68,0
5,1,natural,0,194,0.72,1
5,1,natural,0,195,0.84,0
5,1,natural,0,196,0.84,0
5,1,natural,0,197,0.92,0
5,1,natural,0,198,0.72,0
5,1,natural,0,199,0.92,0
5,1,natural,0,200,1.0,0
5,1,natural,0,201,0.56,0
5,1,natural,0,202,0.8,1
5,1,natural,0,203,0.56,0
5,1,natural,0,204,0.8,0
5,1,natural,0,205,0.88,0
5,1,natural,0,206,0.92,0
5,1,natural,0,207,0.76,0
5,1,natural,0,208,0.8,0
5,1,natural,0,209,0.8,1
5,1,natural,0,210,0.76,0
5,1,natural,0,211,0.8,1
5,1,natural,0,212,0.6,0
5,1,natural,0,213,0.92,0
5,1,natural,0,214,0.96,0
5,1,natural,0,215,1.0,0
5,1,natural,0,216,0.72,0
5,1,natural,0,217,0.76,0
5,1,natural,0,218,0.68,0
5,1,natural,0,219,0.8,0
5,1,natural,0,220,0.92,0
5,1,natural,0,221,0.76,0
5,1,natural,0,222,0.96,0
5,1,natural,0,223,0.92,0
5,1,natural,0,224,0.68,0
5,1,natural,0,225,0.56,0
5,1,natural,0,226,0.96,0
5,1,natural,0,227,0.84,0
5,1,natural,0,228,0.92,0
5,1,natural,0,229,0.88,0
5,1,natural,0,230,0.88,0
5,1,natural,0,231,0.6,0
5,1,natural,0,232,0.6,0
5,1,natural,0,233,0.96,0
5,1,natural,0,234,0.8,0
5,1,natural,0,235,0.88,0
5,1,natural,0,236,0.8,0
5,1,natural,0,237,0.84,1
5,1,natural,0,238,0.68,1
5,1,natural,0,239,0.92,0
5,1,natural,0,240,0.92,0
5,1,natural,0,241,0.64,1
5,1,natural,0,242,0.96,0
5,1,natural,0,243,0.8,0
5,1,natural,0,244,0.92,0
5,1,natural,0,245,0.84,0
5,1,natural,0,246,0.92,0
5,1,natural,0,247,0.64,1
5,1,natural,0,248,0.68,1
5,1,natural,0,249,0.76,0
5,1,natural,0,250,0.88,0
5,1,natural,0,251,0.76,0
5,1,natural,0,252,0.68,0
5,1,natural,0,253,1.0,0
5,1,natural,0,254,0.92,0
5,1,natural,0,255,0.76,1
5,1,natural,0,256,0.84,0
5,1,natural,0,257,0.96,0
5,1,natural,0,258,0.48,1
5,1,natural,0,259,0.68,0
5,1,natural,0,260,0.84,0
5,1,natural,0,261,0.64,1
5,1,natural,0,262,0.96,0
5,1,natural,0,263,0.52,1
5,1,natural,0,264,0.84,1
5,1,natural,0,265,0.96,0
5,1,natural,0,266,0.76,0
5,1,natural,0,267,1.0,0
5,1,natural,0,268,0.88,0
5,1,natural,0,269,0.8,0
5,1,natural,0,270,0.6,1
5,1,natural,0,271,1.0,0
5,1,natural,0,272,0.68,0
5,1,natural,0,273,1.0,0
5,1,natural,0,274,0.88,0
5,1,natural,0,275,0.72,0
5,1,natural,0,276,0.84,0
5,1,natural,0,277,0.8,0
5,1,natural,0,278,0.96,0
5,1,natural,0,279,0.84,0
5,1,natural,0,280,0.8,0
5,1,natural,0,281,0.72,0
5,1,natural,0,282,0.68,0
5,1,natural,0,283,0.68,1
5,1,natural,0,284,0.8,0
5,1,natural,0,285,0.84,0
5,1,natural,0,286,0.88,0
5,1,natural,0,287,0.76,0
5,1,natural,0,288,0.84,0
5,1,natural,0,289,0.92,0
5,1,natural,0,290,0.72,1
5,1,natural,0,291,0.72,1
5,1,natural,0,292,0.84,0
5,1,natural,0,293,0.76,0
5,1,natural,0,294,0.96,0
5,1,natural,0,295,0.72,0
5,1,natural,0,296,0.76,0
5,1,natural,0,297,0.56,1
5,1,natural,0,298,0.68,1
5,1,natural,0,299,0.88,0
5,1,natural,0,300,0.88,0
5,1,natural,0,301,0.72,0
5,1,natural,0,302,0.76,0
5,1,natural,0,303,0.84,0
5,1,natural,0,304,0.92,0
5,1,natural,0,305,0.96,0
5,1,natural,0,306,0.72,0
5,1,natural,0,307,1.0,0
5,1,natural,0,308,0.68,0
5,1,natural,0,309,0.84,0
5,1,natural,0,310,0.6,1
5,1,natural,0,311,0.96,0
5,1,natural,0,312,0.8,1
5,1,natural,0,313,0.76,0
5,1,natural,0,314,1.0,0
5,1,natural,0,315,0.68,0
5,1,natural,0,316,0.76,0
5,1,natural,0,317,0.8,0
5,1,natural,0,318,0.72,0
5,1,natural,0,319,0.92,0
5,1,natural,0,320,0.72,0
5,1,natural,0,321,0.56,0
5,1,natural,0,322,0.88,1
5,1,natural,0,323,0.88,1
5,1,natural,0,324,0.8,0
5,1,natural,0,325,0.68,1
5,1,natural,0,326,0.92,0
5,1,natural,0,327,0.76,0
5,1,natural,0,328,0.72,0
5,1,natural,0,329,0.76,0
5,1,natural,0,330,0.76,1
5,1,natural,0,331,0.96,0
5,1,natural,0,332,0.64,0
5,1,natural,0,333,0.68,0
5,1,natural,0,334,0.64,0
5,1,natural,0,335,0.64,1
5,1,natural,0,336,0.88,0
5,1,natural,0,337,0.8,0
5,1,natural,0,338,0.92,0
5,1,natural,0,339,0.88,0
5,1,natural,0,340,0.8,0
5,1,natural,0,341,0.8,0
5,1,natural,0,342,0.76,0
5,1,natural,0,343,0.72,1
5,1,natural,0,344,0.8,0
5,1,natural,0,345,0.72,0
5,1,natural,0,346,0.68,0
5,1,natural,0,347,0.88,0
5,1,natural,0,348,0.96,0
5,1,natural,0,349,0.68,0
5,1,natural,0,350,0.8,0
5,1,natural,0,351,0.68,0
5,1,natural,0,352,0.76,0
5,1,natural,0,353,0.88,0
5,1,natural,0,354,0.92,0
5,1,natural,0,355,0.76,1
5,1,natural,0,356,0.88,0
5,1,natural,0,357,0.6,0
5,1,natural,0,358,0.88,1
5,1,natural,0,359,0.6,0
5,1,natural,0,360,0.84,1
5,1,natural,0,361,1.0,0
5,1,natural,0,362,0.8,1
5,1,natural,0,363,0.92,0
5,1,natural,0,364,0.6,1
5,1,natural,0,365,0.72,0
5,1,natural,0,366,1.0,0
5,1,natural,0,367,0.8,0
5,1,natural,0,368,0.56,1
5,1,natural,0,369,0.92,0
5,1,natural,0,370,0.96,0
5,1,natural,0,371,0.68,1
5,1,natural,0,372,0.76,0
5,1,natural,0,373,0.88,0
5,1,natural,0,374,0.72,0
5,1,natural,0,375,0.4,1
5,1,natural,0,376,0.84,0
5,1,natural,0,377,0.76,1
5,1,natural,0,378,0.76,0
5,1,natural,0,379,0.8,1
5,1,natural,0,380,0.68,1
5,1,natural,0,381,0.76,0
5,1,natural,0,382,0.76,0
5,1,natural,0,383,0.8,0
5,1,natural,0,384,0.84,0
5,1,natural,0,385,0.88,0
5,1,natural,0,386,0.64,0
5,1,natural,0,387,0.68,0
5,1,natural,0,388,0.76,1
5,1,natural,0,389,0.72,0
5,1,natural,0,390,0.72,1
5,1,natural,0,391,0.92,0
5,1,natural,0,392,0.76,1
5,1,natural,0,393,0.56,0
5,1,natural,0,394,0.96,0
5,1,natural,0,395,0.8,0
5,1,natural,0,396,0.64,0
5,1,natural,0,397,0.88,0
5,1,natural,0,398,0.6,0
5,1,natural,0,399,1.0,0
5,1,natural,0,400,0.88,0
5,1,natural,0,401,0.96,0
5,1,natural,0,402,0.88,0
5,1,natural,0,403,0.88,0
5,1,natural,0,404,0.68,1
5,1,natural,0,405,0.84,0
5,1,natural,0,406,0.88,0
5,1,natural,0,407,0.84,1
5,1,natural,0,408,0.96,0
5,1,natural,0,409,0.72,1
5,1,natural,0,410,0.92,0
5,1,natural,0,411,0.96,0
5,1,natural,0,412,0.8,0
5,1,natural,0,413,0.96,0
5,1,natural,0,414,0.88,0
5,1,natural,0,415,0.88,0
5,1,natural,0,416,0.92,0
5,1,natural,0,417,0.88,0
5,1,natural,0,418,0.76,0
5,1,natural,0,419,0.52,1
5,1,natural,0,420,0.76,0
5,1,natural,0,421,0.84,0
5,1,natural,0,422,0.88,0
5,1,natural,0,423,0.92,0
5,1,natural,0,424,0.72,0
5,1,natural,0,425,0.68,1
5,1,natural,0,426,0.76,0
5,1,natural,0,427,0.96,0
5,1,natural,0,428,0.64,1
5,1,natural,0,429,0.6,1
5,1,natural,0,430,0.88,0
5,1,natural,0,431,0.96,0
5,1,natural,0,432,0.84,1
5,1,natural,0,433,0.64,1
5,1,natural,0,434,0.76,0
5,1,natural,0,435,0.76,1
5,1,natural,0,436,0.64,0
5,1,natural,0,437,0.8,0
5,1,natural,0,438,0.88,0
5,1,natural,0,439,0.76,0
5,1,natural,0,440,0.84,0
5,1,natural,0,441,0.92,0
5,1,natural,0,442,0.84,0
5,1,natural,0,443,0.8,0
5,1,natural,0,444,0.92,0
5,1,natural,0,445,0.92,0
5,1,natural,0,446,0.84,0
5,1,natural,0,447,0.84,0
5,1,natural,0,448,0.96,0
5,1,natural,0,449,0.8,0
5,1,natural,0,450,0.84,0
5,1,natural,0,451,0.8,0
5,1,natural,0,452,0.64,1
5,1,natural,0,453,0.64,0
5,1,natural,0,454,0.92,0
5,1,natural,0,455,0.92,0
5,1,natural,0,456,0.88,0
5,1,natural,0,457,0.92,0
5,1,natural,0,458,0.96,0
5,1,natural,0,459,0.96,0
5,1,natural,0,460,0.64,0
5,1,natural,0,461,0.88,0
5,1,natural,0,462,0.96,0
5,1,natural,0,463,0.84,0
5,1,natural,0,464,1.0,0
5,1,natural,0,465,0.88,1
5,1,natural,0,466,0.84,0
5,1,natural,0,467,0.8,0
5,1,natural,0,468,0.76,0
5,1,natural,0,469,0.84,0
5,1,natural,0,470,0.64,0
5,1,natural,0,471,0.96,0
5,1,natural,0,472,0.6,0
5,1,natural,0,473,0.92,0
5,1,natural,0,474,0.8,0
5,1,natural,0,475,0.52,1
5,1,natural,0,476,1.0,0
5,1,natural,0,477,0.88,0
5,1,natural,0,478,0.76,0
5,1,natural,0,479,0.76,0
5,1,natural,0,480,0.72,0
5,1,natural,0,481,0.68,0
5,1,natural,0,482,0.8,0
5,1,natural,0,483,0.8,0
5,1,natural,0,484,0.92,0
5,1,natural,0,485,0.84,0
5,1,natural,0,486,0.76,0
5,1,natural,0,487,0.92,0
5,1,natural,0,488,0.76,1
5,1,natural,0,489,0.72,0
5,1,natural,0,490,0.76,0
5,1,natural,0,491,0.8,0
5,1,natural,0,492,0.96,0
5,1,natural,0,493,0.88,0
5,1,natural,0,494,0.84,0
5,1,natural,0,495,0.84,1
5,1,natural,0,496,0.88,0
5,1,natural,0,497,0.84,0
5,1,natural,0,498,0.8,0
5,1,natural,0,499,0.88,0
5,1,natural,1,0,0.64,1
5,1,natural,1,1,0.6,1
5,1,natural,1,2,0.8,0
5,1,natural,1,3,0.92,0
5,1,natural,1,4,0.88,0
5,1,natural,1,5,0.8,0
5,1,natural,1,6,0.6,1
5,1,natural,1,7,0.72,0
5,1,natural,1,8,1.0,0
5,1,natural,1,9,0.88,0
5,1,natural,1,10,0.76,1
5,1,natural,1,11,0.76,0
5,1,natural,1,12,0.96,0
5,1,natural,1,13,0.8,1
5,1,natural,1,14,0.8,1
5,1,natural,1,15,0.52,0
5,1,natural,1,16,0.76,0
5,1,natural,1,17,0.96,0
5,1,natural,1,18,0.8,0
5,1,natural,1,19,0.8,0
5,1,natural,1,20,0.88,1
5,1,natural,1,21,0.88,0
5,1,natural,1,22,0.64,0
5,1,natural,1,23,1.0,0
5,1,natural,1,24,0.84,0
5,1,natural,1,25,0.72,0
5,1,natural,1,26,0.8,0
5,1,natural,1,27,0.8,0
5,1,natural,1,28,0.84,0
5,1,natural,1,29,0.96,0
5,1,natural,1,30,0.44,1
5,1,natural,1,31,0.68,0
5,1,natural,1,32,0.8,1
5,1,natural,1,33,0.84,1
5,1,natural,1,34,0.6,1
5,1,natural,1,35,0.84,0
5,1,natural,1,36,0.96,0
5,1,natural,1,37,0.8,0
5,1,natural,1,38,0.6,1
5,1,natural,1,39,0.84,0
5,1,natural,1,40,0.92,0
5,1,natural,1,41,0.88,0
5,1,natural,1,42,0.72,1
5,1,natural,1,43,0.84,0
5,1,natural,1,44,0.68,0
5,1,natural,1,45,0.84,0
5,1,natural,1,46,0.8,0
5,1,natural,1,47,0.96,0
5,1,natural,1,48,0.72,0
5,1,natural,1,49,0.76,1
5,1,natural,1,50,0.84,0
5,1,natural,1,51,0.76,0
5,1,natural,1,52,0.8,0
5,1,natural,1,53,0.72,1
5,1,natural,1,54,0.88,1
5,1,natural,1,55,0.76,0
5,1,natural,1,56,0.64,0
5,1,natural,1,57,0.84,0
5,1,natural,1,58,0.8,0
5,1,natural,1,59,0.72,0
5,1,natural,1,60,0.88,0
5,1,natural,1,61,0.92,0
5,1,natural,1,62,0.88,0
5,1,natural,1,63,0.92,0
5,1,natural,1,64,0.84,0
5,1,natural,1,65,0.76,0
5,1,natural,1,66,0.72,0
5,1,natural,1,67,0.48,1
5,1,natural,1,68,0.68,0
5,1,natural,1,69,0.56,1
5,1,natural,1,70,0.8,0
5,1,natural,1,71,0.84,0
5,1,natural,1,72,0.76,1
5,1,natural,1,73,0.96,1
5,1,natural,1,74,0.64,0
5,1,natural,1,75,1.0,0
5,1,natural,1,76,0.84,0
5,1,natural,1,77,0.92,0
5,1,natural,1,78,0.8,0
5,1,natural,1,79,0.64,1
5,1,natural,1,80,0.72,0
5,1,natural,1,81,0.92,0
5,1,natural,1,82,1.0,0
5,1,natural,1,83,0.72,1
5,1,natural,1,84,0.8,0
5,1,natural,1,85,0.8,0
5,1,natural,1,86,0.92,0
5,1,natural,1,87,0.88,0
5,1,natural,1,88,0.8,0
5,1,natural,1,89,0.76,0
5,1,natural,1,90,0.64,0
5,1,natural,1,91,0.96,0
5,1,natural,1,92,0.8,0
5,1,natural,1,93,0.72,0
5,1,natural,1,94,0.96,0
5,1,natural,1,95,0.96,0
5,1,natural,1,96,0.88,1
5,1,natural,1,97,0.88,0
5,1,natural,1,98,0.8,1
5,1,natural,1,99,0.88,0
5,1,natural,1,100,0.84,0
5,1,natural,1,101,0.72,0
5,1,natural,1,102,1.0,0
5,1,natural,1,103,0.68,1
5,1,natural,1,104,0.92,0
5,1,natural,1,105,0.56,0
5,1,natural,1,106,0.56,1
5,1,natural,1,107,0.68,1
5,1,natural,1,108,0.6,0
5,1,natural,1,109,0.64,0
5,1,natural,1,110,0.96,0
5,1,natural,1,111,0.8,0
5,1,natural,1,112,0.96,0
5,1,natural,1,113,0.92,0
5,1,natural,1,114,0.88,0
5,1,natural,1,115,0.68,0
5,1,natural,1,116,0.8,0
5,1,natural,1,117,0.8,0
5,1,natural,1,118,0.8,0
5,1,natural,1,119,0.72,0
5,1,natural,1,120,0.76,1
5,1,natural,1,121,0.68,0
5,1,natural,1,122,0.72,0
5,1,natural,1,123,0.72,0
5,1,natural,1,124,0.92,0
5,1,natural,1,125,0.72,1
5,1,natural,1,126,0.92,0
5,1,natural,1,127,0.8,0
5,1,natural,1,128,0.8,0
5,1,natural,1,129,0.84,0
5,1,natural,1,130,0.84,0
5,1,natural,1,131,0.8,0
5,1,natural,1,132,0.76,0
5,1,natural,1,133,0.64,1
5,1,natural,1,134,1.0,0
5,1,natural,1,135,0.68,1
5,1,natural,1,136,0.84,0
5,1,natural,1,137,0.6,1
5,1,natural,1,138,0.88,0
5,1,natural,1,139,0.8,0
5,1,natural,1,140,0.76,1
5,1,natural,1,141,0.96,0
5,1,natural,1,142,0.88,0
5,1,natural,1,143,0.68,0
5,1,natural,1,144,0.92,0
5,1,natural,1,145,1.0,0
5,1,natural,1,146,0.8,0
5,1,natural,1,147,0.84,0
5,1,natural,1,148,0.8,0
5,1,natural,1,149,0.76,0
5,1,natural,1,150,0.96,0
5,1,natural,1,151,0.92,0
5,1,natural,1,152,0.76,0
5,1,natural,1,153,0.8,0
5,1,natural,1,154,0.92,0
5,1,natural,1,155,0.32,1
5,1,natural,1,156,0.68,0
5,1,natural,1,157,0.8,0
5,1,natural,1,158,0.92,0
5,1,natural,1,159,1.0,0
5,1,natural,1,160,0.88,0
5,1,natural,1,161,0.52,1
5,1,natural,1,162,0.6,0
5,1,natural,1,163,0.72,0
5,1,natural,1,164,0.84,0
5,1,natural,1,165,0.92,0
5,1,natural,1,166,0.64,1
5,1,natural,1,167,1.0,0
5,1,natural,1,168,0.76,1
5,1,natural,1,169,1.0,0
5,1,natural,1,170,0.8,0
5,1,natural,1,171,0.64,1
5,1,natural,1,172,0.8,0
5,1,natural,1,173,0.56,1
5,1,natural,1,174,0.88,0
5,1,natural,1,175,0.76,0
5,1,natural,1,176,0.68,1
5,1,natural,1,177,0.84,0
5,1,natural,1,178,0.88,0
5,1,natural,1,179,0.88,0
5,1,natural,1,180,0.6,1
5,1,natural,1,181,0.76,0
5,1,natural,1,182,0.64,1
5,1,natural,1,183,0.92,0
5,1,natural,1,184,0.8,0
5,1,natural,1,185,0.76,1
5,1,natural,1,186,0.8,0
5,1,natural,1,187,0.68,1
5,1,natural,1,188,0.8,0
5,1,natural,1,189,0.72,0
5,1,natural,1,190,0.6,1
5,1,natural,1,191,0.8,0
5,1,natural,1,192,0.84,0
5,1,natural,1,193,0.84,0
5,1,natural,1,194,0.96,0
5,1,natural,1,195,0.88,0
5,1,natural,1,196,0.8,0
5,1,natural,1,197,1.0,0
5,1,natural,1,198,0.92,0
5,1,natural,1,199,0.68,0
5,1,natural,1,200,0.72,1
5,1,natural,1,201,0.76,1
5,1,natural,1,202,0.88,0
5,1,natural,1,203,0.8,1
5,1,natural,1,204,0.92,0
5,1,natural,1,205,0.84,0
5,1,natural,1,206,0.92,0
5,1,natural,1,207,0.8,0
5,1,natural,1,208,0.72,1
5,1,natural,1,209,0.92,0
5,1,natural,1,210,0.68,0
5,1,natural,1,211,0.96,0
5,1,natural,1,212,0.8,1
5,1,natural,1,213,0.48,0
5,1,natural,1,214,0.84,0
5,1,natural,1,215,0.6,0
5,1,natural,1,216,0.68,0
5,1,natural,1,217,0.76,1
5,1,natural,1,218,0.84,0
5,1,natural,1,219,0.76,0
5,1,natural,1,220,0.68,1
5,1,natural,1,221,0.92,0
5,1,natural,1,222,1.0,0
5,1,natural,1,223,0.92,0
5,1,natural,1,224,0.88,1
5,1,natural,1,225,0.88,0
5,1,natural,1,226,0.76,0
5,1,natural,1,227,0.56,0
5,1,natural,1,228,0.64,0
5,1,natural,1,229,0.64,0
5,1,natural,1,230,1.0,0
5,1,natural,1,231,0.92,0
5,1,natural,1,232,0.76,0
5,1,natural,1,233,0.76,0
5,1,natural,1,234,0.96,0
5,1,natural,1,235,0.76,1
5,1,natural,1,236,0.8,1
5,1,natural,1,237,0.92,0
5,1,natural,1,238,0.96,0
5,1,natural,1,239,0.8,0
5,1,natural,1,240,0.92,0
5,1,natural,1,241,0.64,1
5,1,natural,1,242,0.76,1
5,1,natural,1,243,0.92,0
5,1,natural,1,244,0.76,0
5,1,natural,1,245,0.88,0
5,1,natural,1,246,0.68,0
5,1,natural,1,247,0.96,0
5,1,natural,1,248,0.6,0
5,1,natural,1,249,0.6,0
5,1,natural,1,250,0.8,0
5,1,natural,1,251,0.64,0
5,1,natural,1,252,0.8,0
5,1,natural,1,253,0.84,0
5,1,natural,1,254,0.8,0
5,1,natural,1,255,0.96,0
5,1,natural,1,256,0.68,0
5,1,natural,1,257,0.72,0
5,1,natural,1,258,0.8,0
5,1,natural,1,259,0.88,0
5,1,natural,1,260,0.88,0
5,1,natural,1,261,0.76,1
5,1,natural,1,262,0.8,0
5,1,natural,1,263,0.96,0
5,1,natural,1,264,0.92,0
5,1,natural,1,265,0.84,0
5,1,natural,1,266,0.84,0
5,1,natural,1,267,0.76,0
5,1,natural,1,268,0.96,0
5,1,natural,1,269,0.84,0
5,1,natural,1,270,0.92,0
5,1,natural,1,271,0.96,0
5,1,natural,1,272,1.0,0
5,1,natural,1,273,0.88,0
5,1,natural,1,274,0.72,1
5,1,natural,1,275,0.68,0
5,1,natural,1,276,0.72,1
5,1,natural,1,277,0.68,0
5,1,natural,1,278,0.76,0
5,1,natural,1,279,0.68,0
5,1,natural,1,280,0.88,0
5,1,natural,1,281,0.96,0
5,1,natural,1,282,0.92,0
5,1,natural,1,283,0.92,0
5,1,natural,1,284,0.84,0
5,1,natural,1,285,0.88,0
5,1,natural,1,286,0.84,1
5,1,natural,1,287,0.64,0
5,1,natural,1,288,0.68,0
5,1,natural,1,289,0.8,1
5,1,natural,1,290,0.76,0
5,1,natural,1,291,0.68,0
5,1,natural,1,292,0.8,0
5,1,natural,1,293,0.56,0
5,1,natural,1,294,0.96,0
5,1,natural,1,295,0.92,0
5,1,natural,1,296,0.8,0
5,1,natural,1,297,1.0,0
5,1,natural,1,298,0.84,0
5,1,natural,1,299,0.84,0
5,1,natural,1,300,0.88,0
5,1,natural,1,301,0.64,1
5,1,natural,1,302,0.72,0
5,1,natural,1,303,0.76,1
5,1,natural,1,304,0.92,0
5,1,natural,1,305,0.88,0
5,1,natural,1,306,1.0,0
5,1,natural,1,307,0.8,0
5,1,natural,1,308,0.68,0
5,1,natural,1,309,0.8,0
5,1,natural,1,310,0.8,0
5,1,natural,1,311,0.8,0
5,1,natural,1,312,0.76,1
5,1,natural,1,313,1.0,0
5,1,natural,1,314,0.96,0
5,1,natural,1,315,0.96,0
5,1,natural,1,316,1.0,0
5,1,natural,1,317,0.96,0
5,1,natural,1,318,1.0,0
5,1,natural,1,319,0.92,0
5,1,natural,1,320,0.84,0
5,1,natural,1,321,0.4,1
5,1,natural,1,322,0.8,0
5,1,natural,1,323,0.68,1
5,1,natural,1,324,0.84,1
5,1,natural,1,325,0.84,0
5,1,natural,1,326,0.8,0
5,1,natural,1,327,0.52,1
5,1,natural,1,328,0.64,1
5,1,natural,1,329,0.64,0
5,1,natural,1,330,1.0,0
5,1,natural,1,331,0.88,0
5,1,natural,1,332,0.8,0
5,1,natural,1,333,0.76,0
5,1,natural,1,334,0.8,0
5,1,natural,1,335,0.64,1
5,1,natural,1,336,0.6,1
5,1,natural,1,337,0.8,0
5,1,natural,1,338,0.76,0
5,1,natural,1,339,0.84,1
5,1,natural,1,340,0.64,0
5,1,natural,1,341,0.56,0
5,1,natural,1,342,0.8,0
5,1,natural,1,343,0.64,0
5,1,natural,1,344,0.76,1
5,1,natural,1,345,0.72,0
5,1,natural,1,346,0.72,1
5,1,natural,1,347,0.64,1
5,1,natural,1,348,0.76,0
5,1,natural,1,349,0.96,0
5,1,natural,1,350,0.88,1
5,1,natural,1,351,0.8,1
5,1,natural,1,352,0.76,1
5,1,natural,1,353,0.96,0
5,1,natural,1,354,0.96,0
5,1,natural,1,355,0.68,0
5,1,natural,1,356,0.56,0
5,1,natural,1,357,0.96,0
5,1,natural,1,358,0.96,0
5,1,natural,1,359,0.96,0
5,1,natural,1,360,0.84,0
5,1,natural,1,361,0.96,0
5,1,natural,1,362,0.8,0
5,1,natural,1,363,0.84,0
5,1,natural,1,364,0.88,0
5,1,natural,1,365,0.76,1
5,1,natural,1,366,0.92,0
5,1,natural,1,367,1.0,0
5,1,natural,1,368,0.96,0
5,1,natural,1,369,0.56,1
5,1,natural,1,370,0.64,0
5,1,natural,1,371,0.64,1
5,1,natural,1,372,0.68,0
5,1,natural,1,373,1.0,0
5,1,natural,1,374,0.8,0
5,1,natural,1,375,0.88,0
5,1,natural,1,376,0.76,0
5,1,natural,1,377,0.96,0
5,1,natural,1,378,0.76,0
5,1,natural,1,379,0.76,0
5,1,natural,1,380,0.96,0
5,1,natural,1,381,0.8,0
5,1,natural,1,382,0.92,0
5,1,natural,1,383,0.96,0
5,1,natural,1,384,0.68,0
5,1,natural,1,385,1.0,0
5,1,natural,1,386,0.96,0
5,1,natural,1,387,0.48,1
5,1,natural,1,388,0.6,0
5,1,natural,1,389,0.84,0
5,1,natural,1,390,0.76,0
5,1,natural,1,391,0.84,0
5,1,natural,1,392,0.8,0
5,1,natural,1,393,0.68,1
5,1,natural,1,394,1.0,0
5,1,natural,1,395,0.76,0
5,1,natural,1,396,0.72,0
5,1,natural,1,397,0.64,1
5,1,natural,1,398,0.68,0
5,1,natural,1,399,0.84,0
5,1,natural,1,400,0.76,0
5,1,natural,1,401,0.6,1
5,1,natural,1,402,0.92,1
5,1,natural,1,403,0.6,0
5,1,natural,1,404,0.76,0
5,1,natural,1,405,0.88,0
5,1,natural,1,406,0.68,0
5,1,natural,1,407,0.96,0
5,1,natural,1,408,0.88,0
5,1,natural,1,409,0.68,0
5,1,natural,1,410,0.68,0
5,1,natural,1,411,0.88,0
5,1,natural,1,412,0.52,0
5,1,natural,1,413,0.88,0
5,1,natural,1,414,0.76,0
5,1,natural,1,415,0.8,0
5,1,natural,1,416,0.84,0
5,1,natural,1,417,0.72,0
5,1,natural,1,418,0.84,0
5,1,natural,1,419,0.84,1
5,1,natural,1,420,0.84,0
5,1,natural,1,421,1.0,0
5,1,natural,1,422,0.6,0
5,1,natural,1,423,0.84,0
5,1,natural,1,424,0.68,1
5,1,natural,1,425,0.8,0
5,1,natural,1,426,0.72,0
5,1,natural,1,427,0.88,0
5,1,natural,1,428,0.76,1
5,1,natural,1,429,0.72,0
5,1,natural,1,430,0.72,1
5,1,natural,1,431,0.68,1
5,1,natural,1,432,0.72,0
5,1,natural,1,433,0.8,0
5,1,natural,1,434,0.68,1
5,1,natural,1,435,0.88,0
5,1,natural,1,436,0.68,1
5,1,natural,1,437,0.52,0
5,1,natural,1,438,1.0,0
5,1,natural,1,439,0.96,0
5,1,natural,1,440,0.96,0
5,1,natural,1,441,0.56,0
5,1,natural,1,442,0.92,0
5,1,natural,1,443,1.0,0
5,1,natural,1,444,0.96,0
5,1,natural,1,445,0.96,0
5,1,natural,1,446,0.84,1
5,1,natural,1,447,0.88,0
5,1,natural,1,448,0.96,0
5,1,natural,1,449,0.88,0
5,1,natural,1,450,0.84,0
5,1,natural,1,451,0.68,0
5,1,natural,1,452,1.0,1
5,1,natural,1,453,0.64,0
5,1,natural,1,454,0.6,1
5,1,natural,1,455,0.56,0
5,1,natural,1,456,0.88,1
5,1,natural,1,457,0.96,0
5,1,natural,1,458,0.72,0
5,1,natural,1,459,0.92,1
5,1,natural,1,460,0.52,0
5,1,natural,1,461,1.0,0
5,1,natural,1,462,0.72,0
5,1,natural,1,463,0.84,0
5,1,natural,1,464,0.76,0
5,1,natural,1,465,0.72,0
5,1,natural,1,466,0.88,0
5,1,natural,1,467,0.92,0
5,1,natural,1,468,0.8,0
5,1,natural,1,469,0.76,1
5,1,natural,1,470,0.84,1
5,1,natural,1,471,0.84,0
5,1,natural,1,472,0.8,0
5,1,natural,1,473,0.96,0
5,1,natural,1,474,0.72,0
5,1,natural,1,475,0.8,0
5,1,natural,1,476,0.72,0
5,1,natural,1,477,0.84,0
5,1,natural,1,478,0.88,1
5,1,natural,1,479,0.96,0
5,1,natural,1,480,0.8,0
5,1,natural,1,481,0.96,0
5,1,natural,1,482,0.84,0
5,1,natural,1,483,0.88,0
5,1,natural,1,484,0.8,0
5,1,natural,1,485,0.96,0
5,1,natural,1,486,0.92,0
5,1,natural,1,487,0.76,1
5,1,natural,1,488,0.56,0
5,1,natural,1,489,0.88,0
5,1,natural,1,490,0.8,0
5,1,natural,1,491,0.68,0
5,1,natural,1,492,0.76,0
5,1,natural,1,493,0.88,0
5,1,natural,1,494,0.96,0
5,1,natural,1,495,0.72,0
5,1,natural,1,496,0.96,0
5,1,natural,1,497,0.84,0
5,1,natural,1,498,0.84,0
5,1,natural,1,499,0.68,0
5,1,natural,2,0,0.76,0
5,1,natural,2,1,0.72,0
5,1,natural,2,2,0.92,0
5,1,natural,2,3,0.84,0
5,1,natural,2,4,0.8,1
5,1,natural,2,5,0.8,1
5,1,natural,2,6,0.56,0
5,1,natural,2,7,0.92,0
5,1,natural,2,8,0.68,1
5,1,natural,2,9,0.88,0
5,1,natural,2,10,0.68,1
5,1,natural,2,11,0.72,0
5,1,natural,2,12,0.84,0
5,1,natural,2,13,0.84,0
5,1,natural,2,14,0.84,0
5,1,natural,2,15,0.92,0
5,1,natural,2,16,0.64,0
5,1,natural,2,17,0.8,0
5,1,natural,2,18,0.8,0
5,1,natural,2,19,0.8,0
5,1,natural,2,20,1.0,0
5,1,natural,2,21,0.68,0
5,1,natural,2,22,1.0,0
5,1,natural,2,23,0.84,0
5,1,natural,2,24,0.8,0
5,1,natural,2,25,0.92,0
5,1,natural,2,26,0.72,0
5,1,natural,2,27,0.92,0
5,1,natural,2,28,0.76,1
5,1,natural,2,29,0.96,0
5,1,natural,2,30,0.64,1
5,1,natural,2,31,0.76,0
5,1,natural,2,32,0.8,0
5,1,natural,2,33,0.76,0
5,1,natural,2,34,0.56,1
5,1,natural,2,35,0.92,0
5,1,natural,2,36,1.0,0
5,1,natural,2,37,1.0,0
5,1,natural,2,38,0.8,0
5,1,natural,2,39,0.92,0
5,1,natural,2,40,0.84,0
5,1,natural,2,41,0.96,0
5,1,natural,2,42,0.72,0
5,1,natural,2,43,0.8,0
5,1,natural,2,44,0.68,0
5,1,natural,2,45,0.68,0
5,1,natural,2,46,0.52,1
5,1,natural,2,47,0.8,0
5,1,natural,2,48,0.76,1
5,1,natural,2,49,0.8,0
5,1,natural,2,50,0.84,0
5,1,natural,2,51,0.84,0
5,1,natural,2,52,0.72,1
5,1,natural,2,53,0.96,0
5,1,natural,2,54,0.92,0
5,1,natural,2,55,1.0,0
5,1,natural,2,56,0.92,0
5,1,natural,2,57,0.56,0
5,1,natural,2,58,0.96,0
5,1,natural,2,59,0.92,0
5,1,natural,2,60,0.8,0
5,1,natural,2,61,0.84,1
5,1,natural,2,62,0.88,0
5,1,natural,2,63,0.6,0
5,1,natural,2,64,0.88,0
5,1,natural,2,65,1.0,0
5,1,natural,2,66,0.64,1
5,1,natural,2,67,0.96,0
5,1,natural,2,68,0.96,0
5,1,natural,2,69,0.76,1
5,1,natural,2,70,0.92,0
5,1,natural,2,71,0.56,1
5,1,natural,2,72,0.96,0
5,1,natural,2,73,0.84,0
5,1,natural,2,74,0.84,0
5,1,natural,2,75,0.84,0
5,1,natural,2,76,0.48,1
5,1,natural,2,77,0.76,0
5,1,natural,2,78,0.84,0
5,1,natural,2,79,0.84,0
5,1,natural,2,80,0.8,0
5,1,natural,2,81,0.88,0
5,1,natural,2,82,0.68,0
5,1,natural,2,83,0.96,0
5,1,natural,2,84,0.88,0
5,1,natural,2,85,0.88,0
5,1,natural,2,86,0.84,0
5,1,natural,2,87,0.92,0
5,1,natural,2,88,0.96,0
5,1,natural,2,89,0.8,0
5,1,natural,2,90,0.76,0
5,1,natural,2,91,0.96,0
5,1,natural,2,92,0.96,0
5,1,natural,2,93,0.84,0
5,1,natural,2,94,1.0,0
5,1,natural,2,95,0.76,0
5,1,natural,2,96,0.92,0
5,1,natural,2,97,1.0,0
5,1,natural,2,98,0.76,1
5,1,natural,2,99,0.84,0
5,1,natural,2,100,0.68,0
5,1,natural,2,101,1.0,0
5,1,natural,2,102,0.88,0
5,1,natural,2,103,0.92,0
5,1,natural,2,104,0.92,0
5,1,natural,2,105,0.76,0
5,1,natural,2,106,0.88,0
5,1,natural,2,107,0.76,0
5,1,natural,2,108,0.96,0
5,1,natural,2,109,0.72,0
5,1,natural,2,110,0.84,0
5,1,natural,2,111,0.84,1
5,1,natural,2,112,0.72,1
5,1,natural,2,113,0.84,0
5,1,natural,2,114,0.68,1
5,1,natural,2,115,0.96,0
5,1,natural,2,116,0.84,0
5,1,natural,2,117,0.64,0
5,1,natural,2,118,0.92,0
5,1,natural,2,119,0.88,0
5,1,natural,2,120,0.88,0
5,1,natural,2,121,0.64,1
5,1,natural,2,122,0.48,1
5,1,natural,2,123,0.8,0
5,1,natural,2,124,0.84,0
5,1,natural,2,125,1.0,0
5,1,natural,2,126,0.68,0
5,1,natural,2,127,0.92,0
5,1,natural,2,128,0.76,0
5,1,natural,2,129,0.84,0
5,1,natural,2,130,1.0,0
5,1,natural,2,131,0.72,0
5,1,natural,2,132,0.76,0
5,1,natural,2,133,0.68,0
5,1,natural,2,134,0.76,0
5,1,natural,2,135,0.96,0
5,1,natural,2,136,0.84,0
5,1,natural,2,137,0.8,0
5,1,natural,2,138,0.96,0
5,1,natural,2,139,0.68,0
5,1,natural,2,140,0.72,0
5,1,natural,2,141,0.64,1
5,1,natural,2,142,0.92,0
5,1,natural,2,143,0.96,0
5,1,natural,2,144,0.72,0
5,1,natural,2,145,0.72,0
5,1,natural,2,146,0.8,0
5,1,natural,2,147,0.88,0
5,1,natural,2,148,0.84,0
5,1,natural,2,149,0.76,0
5,1,natural,2,150,0.56,0
5,1,natural,2,151,0.92,0
5,1,natural,2,152,0.76,0
5,1,natural,2,153,0.84,0
5,1,natural,2,154,1.0,0
5,1,natural,2,155,0.8,0
5,1,natural,2,156,0.84,1
5,1,natural,2,157,0.84,0
5,1,natural,2,158,0.52,1
5,1,natural,2,159,0.84,0
5,1,natural,2,160,0.84,0
5,1,natural,2,161,0.88,0
5,1,natural,2,162,0.92,0
5,1,natural,2,163,0.84,1
5,1,natural,2,164,0.64,0
5,1,natural,2,165,0.92,0
5,1,natural,2,166,0.8,0
5,1,natural,2,167,0.64,0
5,1,natural,2,168,0.76,1
5,1,natural,2,169,1.0,0
5,1,natural,2,170,0.76,0
5,1,natural,2,171,0.52,1
5,1,natural,2,172,0.72,0
5,1,natural,2,173,0.76,1
5,1,natural,2,174,0.96,0
5,1,natural,2,175,0.8,0
5,1,natural,2,176,0.76,0
5,1,natural,2,177,0.88,0
5,1,natural,2,178,0.72,0
5,1,natural,2,179,0.68,0
5,1,natural,2,180,0.72,0
5,1,natural,2,181,0.8,0
5,1,natural,2,182,0.4,1
5,1,natural,2,183,0.8,0
5,1,natural,2,184,0.88,0
5,1,natural,2,185,0.8,0
5,1,natural,2,186,0.72,0
5,1,natural,2,187,0.84,0
5,1,natural,2,188,0.88,0
5,1,natural,2,189,0.76,0
5,1,natural,2,190,0.88,0
5,1,natural,2,191,0.44,0
5,1,natural,2,192,0.88,0
5,1,natural,2,193,0.76,0
5,1,natural,2,194,0.88,0
5,1,natural,2,195,0.68,0
5,1,natural,2,196,0.84,0
5,1,natural,2,197,0.64,0
5,1,natural,2,198,0.76,0
5,1,natural,2,199,0.84,0
5,1,natural,2,200,0.8,0
5,1,natural,2,201,0.96,0
5,1,natural,2,202,0.84,0
5,1,natural,2,203,0.6,0
5,1,natural,2,204,0.76,0
5,1,natural,2,205,0.76,1
5,1,natural,2,206,0.68,0
5,1,natural,2,207,0.84,0
5,1,natural,2,208,0.84,0
5,1,natural,2,209,0.68,0
5,1,natural,2,210,0.76,1
5,1,natural,2,211,0.76,0
5,1,natural,2,212,0.76,1
5,1,natural,2,213,0.72,1
5,1,natural,2,214,0.76,0
5,1,natural,2,215,0.88,0
5,1,natural,2,216,0.8,0
5,1,natural,2,217,0.96,0
5,1,natural,2,218,1.0,0
5,1,natural,2,219,0.36,1
5,1,natural,2,220,0.76,0
5,1,natural,2,221,0.8,0
5,1,natural,2,222,0.8,0
5,1,natural,2,223,1.0,0
5,1,natural,2,224,0.88,0
5,1,natural,2,225,0.84,0
5,1,natural,2,226,0.92,0
5,1,natural,2,227,0.96,0
5,1,natural,2,228,0.8,0
5,1,natural,2,229,0.8,1
5,1,natural,2,230,0.72,1
5,1,natural,2,231,0.72,0
5,1,natural,2,232,0.56,0
5,1,natural,2,233,0.84,0
5,1,natural,2,234,0.28,1
5,1,natural,2,235,0.96,0
5,1,natural,2,236,0.84,0
5,1,natural,2,237,0.84,0
5,1,natural,2,238,1.0,0
5,1,natural,2,239,0.6,1
5,1,natural,2,240,0.6,0
5,1,natural,2,241,0.84,0
5,1,natural,2,242,0.76,0
5,1,natural,2,243,0.88,0
5,1,natural,2,244,0.88,0
5,1,natural,2,245,0.76,0
5,1,natural,2,246,0.72,0
5,1,natural,2,247,0.72,0
5,1,natural,2,248,0.88,0
5,1,natural,2,249,0.84,0
5,1,natural,2,250,0.6,1
5,1,natural,2,251,0.52,0
5,1,natural,2,252,0.68,0
5,1,natural,2,253,0.84,0
5,1,natural,2,254,0.92,0
5,1,natural,2,255,0.76,0
5,1,natural,2,256,1.0,0
5,1,natural,2,257,0.84,0
5,1,natural,2,258,0.84,0
5,1,natural,2,259,0.76,0
5,1,natural,2,260,0.92,0
5,1,natural,2,261,0.76,0
5,1,natural,2,262,0.88,1
5,1,natural,2,263,0.72,0
5,1,natural,2,264,0.8,0
5,1,natural,2,265,0.8,0
5,1,natural,2,266,0.8,1
5,1,natural,2,267,0.96,0
5,1,natural,2,268,0.8,0
5,1,natural,2,269,0.92,0
5,1,natural,2,270,0.84,0
5,1,natural,2,271,0.92,0
5,1,natural,2,272,0.6,1
5,1,natural,2,273,0.96,0
5,1,natural,2,274,0.6,0
5,1,natural,2,275,0.72,0
5,1,natural,2,276,0.8,0
5,1,natural,2,277,0.84,0
5,1,natural,2,278,0.84,0
5,1,natural,2,279,0.6,0
5,1,natural,2,280,0.8,0
5,1,natural,2,281,0.84,0
5,1,natural,2,282,0.84,0
5,1,natural,2,283,0.88,0
5,1,natural,2,284,0.84,0
5,1,natural,2,285,0.8,0
5,1,natural,2,286,0.84,0
5,1,natural,2,287,0.84,0
5,1,natural,2,288,0.72,0
5,1,natural,2,289,1.0,0
5,1,natural,2,290,0.52,1
5,1,natural,2,291,0.76,0
5,1,natural,2,292,0.88,0
5,1,natural,2,293,0.96,0
5,1,natural,2,294,0.92,0
5,1,natural,2,295,0.88,0
5,1,natural,2,296,0.76,0
5,1,natural,2,297,0.92,0
5,1,natural,2,298,0.92,0
5,1,natural,2,299,0.84,0
5,1,natural,2,300,1.0,0
5,1,natural,2,301,0.8,0
5,1,natural,2,302,0.68,0
5,1,natural,2,303,0.76,0
5,1,natural,2,304,0.72,1
5,1,natural,2,305,0.92,0
5,1,natural,2,306,0.92,0
5,1,natural,2,307,0.76,0
5,1,natural,2,308,0.68,1
5,1,natural,2,309,0.68,0
5,1,natural,2,310,0.92,1
5,1,natural,2,311,0.96,0
5,1,natural,2,312,0.96,0
5,1,natural,2,313,0.96,0
5,1,natural,2,314,0.64,0
5,1,natural,2,315,0.92,0
5,1,natural,2,316,0.8,0
5,1,natural,2,317,0.76,1
5,1,natural,2,318,0.56,1
5,1,natural,2,319,0.8,0
5,1,natural,2,320,0.8,1
5,1,natural,2,321,0.8,1
5,1,natural,2,322,0.72,0
5,1,natural,2,323,0.76,0
5,1,natural,2,324,0.92,0
5,1,natural,2,325,0.96,0
5,1,natural,2,326,0.8,0
5,1,natural,2,327,0.92,0
5,1,natural,2,328,0.6,1
5,1,natural,2,329,0.56,1
5,1,natural,2,330,1.0,0
5,1,natural,2,331,0.88,0
5,1,natural,2,332,0.88,0
5,1,natural,2,333,0.76,0
5,1,natural,2,334,0.76,0
5,1,natural,2,335,0.84,0
5,1,natural,2,336,0.64,0
5,1,natural,2,337,0.84,0
5,1,natural,2,338,0.88,1
5,1,natural,2,339,0.84,0
5,1,natural,2,340,0.56,1
5,1,natural,2,341,0.68,0
5,1,natural,2,342,1.0,0
5,1,natural,2,343,0.84,0
5,1,natural,2,344,0.92,0
5,1,natural,2,345,0.84,1
5,1,natural,2,346,1.0,0
5,1,natural,2,347,0.72,0
5,1,natural,2,348,0.88,0
5,1,natural,2,349,0.96,0
5,1,natural,2,350,0.92,0
5,1,natural,2,351,0.76,0
5,1,natural,2,352,0.8,0
5,1,natural,2,353,0.84,1
5,1,natural,2,354,1.0,0
5,1,natural,2,355,0.68,0
5,1,natural,2,356,0.56,0
5,1,natural,2,357,0.8,0
5,1,natural,2,358,1.0,0
5,1,natural,2,359,0.88,0
5,1,natural,2,360,0.88,0
5,1,natural,2,361,1.0,0
5,1,natural,2,362,0.72,0
5,1,natural,2,363,0.92,0
5,1,natural,2,364,0.84,0
5,1,natural,2,365,0.92,0
5,1,natural,2,366,0.96,0
5,1,natural,2,367,0.8,0
5,1,natural,2,368,0.92,0
5,1,natural,2,369,0.72,0
5,1,natural,2,370,0.72,0
5,1,natural,2,371,0.88,0
5,1,natural,2,372,0.76,0
5,1,natural,2,373,0.88,0
5,1,natural,2,374,0.84,0
5,1,natural,2,375,0.88,0
5,1,natural,2,376,0.6,0
5,1,natural,2,377,0.96,0
5,1,natural,2,378,0.68,0
5,1,natural,2,379,0.88,0
5,1,natural,2,380,1.0,0
5,1,natural,2,381,0.72,1
5,1,natural,2,382,0.84,0
5,1,natural,2,383,0.88,0
5,1,natural,2,384,0.76,0
5,1,natural,2,385,0.6,0
5,1,natural,2,386,0.88,0
5,1,natural,2,387,0.8,0
5,1,natural,2,388,0.84,0
5,1,natural,2,389,0.76,1
5,1,natural,2,390,1.0,0
5,1,natural,2,391,0.68,0
5,1,natural,2,392,0.72,1
5,1,natural,2,393,0.88,0
5,1,natural,2,394,0.76,1
5,1,natural,2,395,0.48,0
5,1,natural,2,396,0.92,0
5,1,natural,2,397,0.8,0
5,1,natural,2,398,0.84,0
5,1,natural,2,399,0.72,0
5,1,natural,2,400,0.76,0
5,1,natural,2,401,0.84,0
5,1,natural,2,402,1.0,0
5,1,natural,2,403,0.68,0
5,1,natural,2,404,0.96,0
5,1,natural,2,405,0.96,0
5,1,natural,2,406,0.84,0
5,1,natural,2,407,0.68,1
5,1,natural,2,408,0.84,0
5,1,natural,2,409,1.0,0
5,1,natural,2,410,0.96,0
5,1,natural,2,411,0.76,0
5,1,natural,2,412,0.92,0
5,1,natural,2,413,0.96,0
5,1,natural,2,414,0.84,0
5,1,natural,2,415,0.88,0
5,1,natural,2,416,0.84,0
5,1,natural,2,417,0.88,0
5,1,natural,2,418,0.92,0
5,1,natural,2,419,0.84,0
5,1,natural,2,420,0.68,1
5,1,natural,2,421,0.96,0
5,1,natural,2,422,0.96,0
5,1,natural,2,423,0.8,1
5,1,natural,2,424,0.92,0
5,1,natural,2,425,0.96,0
5,1,natural,2,426,0.72,1
5,1,natural,2,427,0.6,0
5,1,natural,2,428,0.84,0
5,1,natural,2,429,0.76,0
5,1,natural,2,430,0.8,0
5,1,natural,2,431,0.72,0
5,1,natural,2,432,0.8,0
5,1,natural,2,433,0.92,0
5,1,natural,2,434,0.92,0
5,1,natural,2,435,0.96,0
5,1,natural,2,436,0.8,0
5,1,natural,2,437,0.76,0
5,1,natural,2,438,1.0,0
5,1,natural,2,439,0.88,0
5,1,natural,2,440,0.8,0
5,1,natural,2,441,0.84,1
5,1,natural,2,442,0.8,0
5,1,natural,2,443,0.68,1
5,1,natural,2,444,0.6,0
5,1,natural,2,445,0.84,0
5,1,natural,2,446,0.8,1
5,1,natural,2,447,0.6,1
5,1,natural,2,448,0.88,0
5,1,natural,2,449,0.92,0
5,1,natural,2,450,0.68,0
5,1,natural,2,451,0.88,0
5,1,natural,2,452,0.8,0
5,1,natural,2,453,0.88,0
5,1,natural,2,454,0.92,0
5,1,natural,2,455,0.48,1
5,1,natural,2,456,0.72,1
5,1,natural,2,457,0.84,0
5,1,natural,2,458,0.52,0
5,1,natural,2,459,0.88,0
5,1,natural,2,460,0.84,0
5,1,natural,2,461,0.76,0
5,1,natural,2,462,0.84,0
5,1,natural,2,463,0.88,0
5,1,natural,2,464,0.8,0
5,1,natural,2,465,0.88,0
5,1,natural,2,466,1.0,0
5,1,natural,2,467,0.6,1
5,1,natural,2,468,0.64,1
5,1,natural,2,469,0.52,1
5,1,natural,2,470,1.0,0
5,1,natural,2,471,0.88,0
5,1,natural,2,472,0.96,0
5,1,natural,2,473,0.6,1
5,1,natural,2,474,0.64,0
5,1,natural,2,475,1.0,0
5,1,natural,2,476,0.96,0
5,1,natural,2,477,0.64,1
5,1,natural,2,478,0.96,0
5,1,natural,2,479,0.92,0
5,1,natural,2,480,0.68,1
5,1,natural,2,481,0.68,0
5,1,natural,2,482,0.8,0
5,1,natural,2,483,0.72,0
5,1,natural,2,484,0.96,0
5,1,natural,2,485,0.76,1
5,1,natural,2,486,0.88,0
5,1,natural,2,487,0.88,0
5,1,natural,2,488,0.64,1
5,1,natural,2,489,0.68,0
5,1,natural,2,490,0.68,1
5,1,natural,2,491,0.8,0
5,1,natural,2,492,0.76,0
5,1,natural,2,493,0.84,0
5,1,natural,2,494,1.0,0
5,1,natural,2,495,0.44,1
5,1,natural,2,496,0.72,0
5,1,natural,2,497,0.76,0
5,1,natural,2,498,0.76,0
5,1,natural,2,499,0.76,1
5,1,natural,3,0,0.72,0
5,1,natural,3,1,0.8,1
5,1,natural,3,2,0.92,0
5,1,natural,3,3,0.84,0
5,1,natural,3,4,0.84,0
5,1,natural,3,5,0.92,0
5,1,natural,3,6,0.64,1
5,1,natural,3,7,0.96,0
5,1,natural,3,8,1.0,0
5,1,natural,3,9,0.72,0
5,1,natural,3,10,0.68,0
5,1,natural,3,11,0.92,0
5,1,natural,3,12,0.88,0
5,1,natural,3,13,0.72,0
5,1,natural,3,14,0.64,0
5,1,natural,3,15,0.88,0
5,1,natural,3,16,0.76,1
5,1,natural,3,17,1.0,0
5,1,natural,3,18,0.64,0
5,1,natural,3,19,0.96,0
5,1,natural,3,20,0.52,0
5,1,natural,3,21,0.88,0
5,1,natural,3,22,0.96,0
5,1,natural,3,23,0.92,0
5,1,natural,3,24,0.88,1
5,1,natural,3,25,0.6,0
5,1,natural,3,26,0.68,0
5,1,natural,3,27,0.76,1
5,1,natural,3,28,0.84,0
5,1,natural,3,29,0.8,1
5,1,natural,3,30,0.72,1
5,1,natural,3,31,0.6,1
5,1,natural,3,32,0.68,0
5,1,natural,3,33,0.68,1
5,1,natural,3,34,0.68,0
5,1,natural,3,35,0.92,0
5,1,natural,3,36,0.76,1
5,1,natural,3,37,0.52,1
5,1,natural,3,38,0.72,0
5,1,natural,3,39,0.8,0
5,1,natural,3,40,0.88,0
5,1,natural,3,41,1.0,0
5,1,natural,3,42,0.96,0
5,1,natural,3,43,0.8,0
5,1,natural,3,44,0.68,0
5,1,natural,3,45,0.68,0
5,1,natural,3,46,1.0,0
5,1,natural,3,47,0.8,0
5,1,natural,3,48,0.88,0
5,1,natural,3,49,0.76,0
5,1,natural,3,50,0.76,1
5,1,natural,3,51,0.64,0
5,1,natural,3,52,0.84,0
5,1,natural,3,53,0.96,0
5,1,natural,3,54,0.88,0
5,1,natural,3,55,0.68,1
5,1,natural,3,56,1.0,0
5,1,natural,3,57,0.84,0
5,1,natural,3,58,0.88,0
5,1,natural,3,59,0.56,1
5,1,natural,3,60,0.92,0
5,1,natural,3,61,0.96,0
5,1,natural,3,62,0.88,0
5,1,natural,3,63,0.92,0
5,1,natural,3,64,0.64,1
5,1,natural,3,65,1.0,0
5,1,natural,3,66,0.8,0
5,1,natural,3,67,0.8,0
5,1,natural,3,68,0.92,0
5,1,natural,3,69,0.68,0
5,1,natural,3,70,0.84,0
5,1,natural,3,71,0.64,0
5,1,natural,3,72,1.0,0
5,1,natural,3,73,0.76,1
5,1,natural,3,74,0.68,0
5,1,natural,3,75,0.8,0
5,1,natural,3,76,0.72,1
5,1,natural,3,77,0.84,0
5,1,natural,3,78,0.72,1
5,1,natural,3,79,0.84,0
5,1,natural,3,80,0.96,0
5,1,natural,3,81,0.68,1
5,1,natural,3,82,0.8,0
5,1,natural,3,83,0.92,0
5,1,natural,3,84,0.92,0
5,1,natural,3,85,0.8,0
5,1,natural,3,86,0.84,0
5,1,natural,3,87,1.0,0
5,1,natural,3,88,0.64,0
5,1,natural,3,89,0.68,1
5,1,natural,3,90,0.8,0
5,1,natural,3,91,0.76,1
5,1,natural,3,92,0.84,0
5,1,natural,3,93,0.72,1
5,1,natural,3,94,0.6,0
5,1,natural,3,95,0.68,0
5,1,natural,3,96,0.88,0
5,1,natural,3,97,0.6,1
5,1,natural,3,98,0.76,0
5,1,natural,3,99,0.92,0
5,1,natural,3,100,0.88,0
5,1,natural,3,101,0.92,0
5,1,natural,3,102,0.96,0
5,1,natural,3,103,1.0,0
5,1,natural,3,104,0.64,0
5,1,natural,3,105,0.68,1
5,1,natural,3,106,0.84,0
5,1,natural,3,107,0.92,0
5,1,natural,3,108,0.84,0
5,1,natural,3,109,0.72,0
5,1,natural,3,110,0.68,0
5,1,natural,3,111,0.8,0
5,1,natural,3,112,0.44,1
5,1,natural,3,113,0.84,0
5,1,natural,3,114,0.8,1
5,1,natural,3,115,0.68,0
5,1,natural,3,116,0.68,0
5,1,natural,3,117,0.64,0
5,1,natural,3,118,0.6,0
5,1,natural,3,119,0.76,0
5,1,natural,3,120,0.48,0
5,1,natural,3,121,0.84,0
5,1,natural,3,122,0.88,0
5,1,natural,3,123,0.8,0
5,1,natural,3,124,0.84,0
5,1,natural,3,125,0.8,0
5,1,natural,3,126,1.0,0
5,1,natural,3,127,0.92,0
5,1,natural,3,128,0.88,0
5,1,natural,3,129,0.6,0
5,1,natural,3,130,0.52,1
5,1,natural,3,131,1.0,0
5,1,natural,3,132,0.88,0
5,1,natural,3,133,1.0,0
5,1,natural,3,134,0.88,0
5,1,natural,3,135,0.6,0
5,1,natural,3,136,0.64,1
5,1,natural,3,137,0.84,0
5,1,natural,3,138,0.72,1
5,1,natural,3,139,0.84,0
5,1,natural,3,140,0.76,0
5,1,natural,3,141,0.72,1
5,1,natural,3,142,0.68,0
5,1,natural,3,143,0.56,0
5,1,natural,3,144,0.96,0
5,1,natural,3,145,0.96,0
5,1,natural,3,146,0.8,0
5,1,natural,3,147,0.76,1
5,1,natural,3,148,0.92,0
5,1,natural,3,149,0.92,0
5,1,natural,3,150,0.52,1
5,1,natural,3,151,0.72,0
5,1,natural,3,152,0.92,0
5,1,natural,3,153,0.48,0
5,1,natural,3,154,0.36,1
5,1,natural,3,155,0.68,1
5,1,natural,3,156,1.0,0
5,1,natural,3,157,0.76,0
5,1,natural,3,158,0.72,0
5,1,natural,3,159,0.64,1
5,1,natural,3,160,0.96,0
5,1,natural,3,161,0.88,0
5,1,natural,3,162,1.0,0
5,1,natural,3,163,0.52,1
5,1,natural,3,164,0.72,1
5,1,natural,3,165,0.8,0
5,1,natural,3,166,0.88,0
5,1,natural,3,167,0.96,0
5,1,natural,3,168,0.8,0
5,1,natural,3,169,0.72,0
5,1,natural,3,170,0.68,0
5,1,natural,3,171,0.68,1
5,1,natural,3,172,0.92,0
5,1,natural,3,173,0.76,1
5,1,natural,3,174,0.76,0
5,1,natural,3,175,0.88,0
5,1,natural,3,176,0.96,0
5,1,natural,3,177,0.92,0
5,1,natural,3,178,0.84,0
5,1,natural,3,179,1.0,0
5,1,natural,3,180,0.8,0
5,1,natural,3,181,0.76,0
5,1,natural,3,182,0.88,0
5,1,natural,3,183,0.96,0
5,1,natural,3,184,1.0,0
5,1,natural,3,185,0.84,0
5,1,natural,3,186,0.8,1
5,1,natural,3,187,0.64,1
5,1,natural,3,188,0.6,0
5,1,natural,3,189,0.88,0
5,1,natural,3,190,0.64,0
5,1,natural,3,191,0.6,1
5,1,natural,3,192,0.76,0
5,1,natural,3,193,0.52,1
5,1,natural,3,194,0.64,0
5,1,natural,3,195,0.96,0
5,1,natural,3,196,1.0,0
5,1,natural,3,197,0.8,1
5,1,natural,3,198,0.88,0
5,1,natural,3,199,0.88,0
5,1,natural,3,200,0.6,1
5,1,natural,3,201,0.96,0
5,1,natural,3,202,0.72,0
5,1,natural,3,203,1.0,0
5,1,natural,3,204,0.8,0
5,1,natural,3,205,0.64,0
5,1,natural,3,206,0.88,0
5,1,natural,3,207,0.88,0
5,1,natural,3,208,0.88,0
5,1,natural,3,209,0.64,1
5,1,natural,3,210,0.96,0
5,1,natural,3,211,1.0,0
5,1,natural,3,212,0.84,0
5,1,natural,3,213,0.76,0
5,1,natural,3,214,0.84,0
5,1,natural,3,215,0.92,0
5,1,natural,3,216,0.88,0
5,1,natural,3,217,0.84,0
5,1,natural,3,218,0.96,0
5,1,natural,3,219,0.92,0
5,1,natural,3,220,0.92,0
5,1,natural,3,221,0.8,0
5,1,natural,3,222,0.76,0
5,1,natural,3,223,0.72,1
5,1,natural,3,224,0.88,0
5,1,natural,3,225,0.72,1
5,1,natural,3,226,0.64,0
5,1,natural,3,227,0.92,0
5,1,natural,3,228,0.8,1
5,1,natural,3,229,0.68,0
5,1,natural,3,230,0.92,0
5,1,natural,3,231,0.96,0
5,1,natural,3,232,0.64,1
5,1,natural,3,233,0.84,1
5,1,natural,3,234,0.68,1
5,1,natural,3,235,0.68,0
5,1,natural,3,236,0.56,0
5,1,natural,3,237,0.64,1
5,1,natural,3,238,0.88,0
5,1,natural,3,239,0.76,0
5,1,natural,3,240,1.0,0
5,1,natural,3,241,0.68,0
5,1,natural,3,242,0.8,0
5,1,natural,3,243,0.8,0
5,1,natural,3,244,0.44,1
5,1,natural,3,245,0.72,1
5,1,natural,3,246,0.84,0
5,1,natural,3,247,0.8,0
5,1,natural,3,248,0.76,0
5,1,natural,3,249,0.8,1
5,1,natural,3,250,0.68,0
5,1,natural,3,251,0.44,1
5,1,natural,3,252,0.88,0
5,1,natural,3,253,0.76,0
5,1,natural,3,254,0.72,1
5,1,natural,3,255,0.88,0
5,1,natural,3,256,0.56,1
5,1,natural,3,257,1.0,0
5,1,natural,3,258,0.68,0
5,1,natural,3,259,0.76,1
5,1,natural,3,260,0.8,0
5,1,natural,3,261,0.84,1
5,1,natural,3,262,0.68,1
5,1,natural,3,263,0.68,1
5,1,natural,3,264,0.76,0
5,1,natural,3,265,0.76,0
5,1,natural,3,266,0.64,1
5,1,natural,3,267,0.8,0
5,1,natural,3,268,0.96,0
5,1,natural,3,269,0.76,0
5,1,natural,3,270,0.88,0
5,1,natural,3,271,0.92,0
5,1,natural,3,272,0.6,1
5,1,natural,3,273,0.92,0
5,1,natural,3,274,1.0,0
5,1,natural,3,275,0.72,0
5,1,natural,3,276,0.84,0
5,1,natural,3,277,0.52,1
5,1,natural,3,278,0.8,0
5,1,natural,3,279,0.92,0
5,1,natural,3,280,0.84,0
5,1,natural,3,281,0.92,0
5,1,natural,3,282,0.76,0
5,1,natural,3,283,1.0,0
5,1,natural,3,284,0.96,0
5,1,natural,3,285,0.44,0
5,1,natural,3,286,0.92,0
5,1,natural,3,287,0.8,0
5,1,natural,3,288,0.68,1
5,1,natural,3,289,0.92,0
5,1,natural,3,290,0.92,1
5,1,natural,3,291,0.72,0
5,1,natural,3,292,0.84,0
5,1,natural,3,293,0.76,1
5,1,natural,3,294,1.0,0
5,1,natural,3,295,0.92,0
5,1,natural,3,296,0.76,1
5,1,natural,3,297,0.88,0
5,1,natural,3,298,0.56,1
5,1,natural,3,299,0.8,0
5,1,natural,3,300,0.92,0
5,1,natural,3,301,0.56,1
5,1,natural,3,302,0.64,0
5,1,natural,3,303,0.84,0
5,1,natural,3,304,0.84,0
5,1,natural,3,305,0.8,0
5,1,natural,3,306,0.8,0
5,1,natural,3,307,0.92,0
5,1,natural,3,308,0.8,1
5,1,natural,3,309,0.68,1
5,1,natural,3,310,0.96,0
5,1,natural,3,311,0.68,0
5,1,natural,3,312,0.88,0
5,1,natural,3,313,0.72,1
5,1,natural,3,314,0.92,0
5,1,natural,3,315,0.8,0
5,1,natural,3,316,0.88,0
5,1,natural,3,317,0.52,1
5,1,natural,3,318,0.88,0
5,1,natural,3,319,0.96,0
5,1,natural,3,320,0.8,0
5,1,natural,3,321,0.84,0
5,1,natural,3,322,0.8,0
5,1,natural,3,323,1.0,0
5,1,natural,3,324,0.52,1
5,1,natural,3,325,0.84,0
5,1,natural,3,326,0.84,0
5,1,natural,3,327,0.96,0
5,1,natural,3,328,0.8,0
5,1,natural,3,329,0.68,0
5,1,natural,3,330,0.88,0
5,1,natural,3,331,0.92,0
5,1,natural,3,332,0.52,1
5,1,natural,3,333,1.0,0
5,1,natural,3,334,0.84,0
5,1,natural,3,335,0.76,0
5,1,natural,3,336,0.68,0
5,1,natural,3,337,0.92,0
5,1,natural,3,338,0.8,0
5,1,natural,3,339,0.76,0
5,1,natural,3,340,0.96,0
5,1,natural,3,341,0.8,0
5,1,natural,3,342,0.96,0
5,1,natural,3,343,0.68,0
5,1,natural,3,344,0.76,0
5,1,natural,3,345,0.72,0
5,1,natural,3,346,0.64,1
5,1,natural,3,347,0.96,0
5,1,natural,3,348,0.56,1
5,1,natural,3,349,0.8,0
5,1,natural,3,350,0.88,0
5,1,natural,3,351,0.84,0
5,1,natural,3,352,0.76,1
5,1,natural,3,353,0.96,0
5,1,natural,3,354,0.84,0
5,1,natural,3,355,0.68,0
5,1,natural,3,356,0.88,1
5,1,natural,3,357,0.6,1
5,1,natural,3,358,0.76,0
5,1,natural,3,359,0.8,0
5,1,natural,3,360,0.6,0
5,1,natural,3,361,0.8,0
5,1,natural,3,362,0.88,1
5,1,natural,3,363,0.68,1
5,1,natural,3,364,0.52,1
5,1,natural,3,365,0.8,0
5,1,natural,3,366,0.92,0
5,1,natural,3,367,1.0,0
5,1,natural,3,368,0.8,0
5,1,natural,3,369,0.8,0
5,1,natural,3,370,0.64,0
5,1,natural,3,371,0.84,0
5,1,natural,3,372,0.88,0
5,1,natural,3,373,0.92,0
5,1,natural,3,374,0.76,0
5,1,natural,3,375,0.88,0
5,1,natural,3,376,0.76,0
5,1,natural,3,377,0.96,0
5,1,natural,3,378,0.72,0
5,1,natural,3,379,0.76,0
5,1,natural,3,380,1.0,0
5,1,natural,3,381,0.68,1
5,1,natural,3,382,0.72,1
5,1,natural,3,383,1.0,0
5,1,natural,3,384,0.96,0
5,1,natural,3,385,0.84,0
5,1,natural,3,386,0.76,0
5,1,natural,3,387,0.84,0
5,1,natural,3,388,0.84,0
5,1,natural,3,389,0.76,0
5,1,natural,3,390,0.8,1
5,1,natural,3,391,0.88,0
5,1,natural,3,392,0.92,0
5,1,natural,3,393,0.84,1
5,1,natural,3,394,0.72,0
5,1,natural,3,395,0.84,1
5,1,natural,3,396,0.72,0
5,1,natural,3,397,0.76,0
5,1,natural,3,398,0.76,0
5,1,natural,3,399,0.72,0
5,1,natural,3,400,0.68,1
5,1,natural,3,401,0.92,0
5,1,natural,3,402,0.84,0
5,1,natural,3,403,0.92,0
5,1,natural,3,404,0.96,0
5,1,natural,3,405,0.76,0
5,1,natural,3,406,0.96,0
5,1,natural,3,407,0.84,0
5,1,natural,3,408,0.72,0
5,1,natural,3,409,1.0,0
5,1,natural,3,410,0.84,0
5,1,natural,3,411,0.84,0
5,1,natural,3,412,0.76,0
5,1,natural,3,413,0.72,0
5,1,natural,3,414,0.92,0
5,1,natural,3,415,0.72,0
5,1,natural,3,416,0.8,0
5,1,natural,3,417,0.88,0
5,1,natural,3,418,0.88,0
5,1,natural,3,419,1.0,0
5,1,natural,3,420,0.76,0
5,1,natural,3,421,0.76,0
5,1,natural,3,422,0.76,0
5,1,natural,3,423,0.8,1
5,1,natural,3,424,0.72,0
5,1,natural,3,425,1.0,0
5,1,natural,3,426,0.88,0
5,1,natural,3,427,0.68,0
5,1,natural,3,428,0.96,0
5,1,natural,3,429,0.64,0
5,1,natural,3,430,0.56,0
5,1,natural,3,431,0.92,1
5,1,natural,3,432,0.68,1
5,1,natural,3,433,0.72,0
5,1,natural,3,434,0.84,0
5,1,natural,3,435,0.76,0
5,1,natural,3,436,0.56,1
5,1,natural,3,437,0.96,0
5,1,natural,3,438,0.72,0
5,1,natural,3,439,0.84,0
5,1,natural,3,440,0.96,0
5,1,natural,3,441,0.92,0
5,1,natural,3,442,0.92,0
5,1,natural,3,443,0.88,1
5,1,natural,3,444,0.72,1
5,1,natural,3,445,0.76,0
5,1,natural,3,446,0.92,0
5,1,natural,3,447,0.96,0
5,1,natural,3,448,0.96,0
5,1,natural,3,449,0.84,0
5,1,natural,3,450,0.88,0
5,1,natural,3,451,0.76,0
5,1,natural,3,452,0.68,1
5,1,natural,3,453,0.68,0
5,1,natural,3,454,0.76,0
5,1,natural,3,455,0.76,1
5,1,natural,3,456,0.64,0
5,1,natural,3,457,0.72,0
5,1,natural,3,458,0.84,0
5,1,natural,3,459,0.8,0
5,1,natural,3,460,0.84,0
5,1,natural,3,461,0.76,0
5,1,natural,3,462,0.64,0
5,1,natural,3,463,0.96,0
5,1,natural,3,464,0.64,0
5,1,natural,3,465,0.88,0
5,1,natural,3,466,0.76,0
5,1,natural,3,467,0.88,0
5,1,natural,3,468,0.92,0
5,1,natural,3,469,0.52,1
5,1,natural,3,470,0.96,0
5,1,natural,3,471,0.92,0
5,1,natural,3,472,0.72,0
5,1,natural,3,473,0.8,0
5,1,natural,3,474,0.72,0
5,1,natural,3,475,0.72,0
5,1,natural,3,476,0.88,0
5,1,natural,3,477,0.84,1
5,1,natural,3,478,0.84,0
5,1,natural,3,479,0.8,0
5,1,natural,3,480,0.88,0
5,1,natural,3,481,0.72,1
5,1,natural,3,482,1.0,0
5,1,natural,3,483,0.92,0
5,1,natural,3,484,0.8,0
5,1,natural,3,485,0.6,1
5,1,natural,3,486,0.72,0
5,1,natural,3,487,0.76,0
5,1,natural,3,488,0.96,0
5,1,natural,3,489,0.84,1
5,1,natural,3,490,0.72,0
5,1,natural,3,491,0.96,0
5,1,natural,3,492,0.8,1
5,1,natural,3,493,0.64,0
5,1,natural,3,494,0.92,0
5,1,natural,3,495,0.88,1
5,1,natural,3,496,0.72,0
5,1,natural,3,497,0.6,0
5,1,natural,3,498,0.68,1
5,1,natural,3,499,0.84,0
5,1,natural,4,0,0.96,0
5,1,natural,4,1,0.6,0
5,1,natural,4,2,0.64,1
5,1,natural,4,3,0.8,0
5,1,natural,4,4,0.8,0
5,1,natural,4,5,0.72,0
5,1,natural,4,6,0.96,0
5,1,natural,4,7,0.6,0
5,1,natural,4,8,0.8,0
5,1,natural,4,9,0.88,0
5,1,natural,4,10,0.84,1
5,1,natural,4,11,0.92,0
5,1,natural,4,12,0.76,0
5,1,natural,4,13,1.0,0
5,1,natural,4,14,0.8,0
5,1,natural,4,15,0.6,0
5,1,natural,4,16,0.76,0
5,1,natural,4,17,0.8,1
5,1,natural,4,18,0.88,0
5,1,natural,4,19,0.8,1
5,1,natural,4,20,0.64,0
5,1,natural,4,21,0.76,0
5,1,natural,4,22,0.72,0
5,1,natural,4,23,0.84,0
5,1,natural,4,24,0.84,0
5,1,natural,4,25,0.8,0
5,1,natural,4,26,0.88,0
5,1,natural,4,27,0.72,0
5,1,natural,4,28,0.76,0
5,1,natural,4,29,0.92,0
5,1,natural,4,30,0.92,0
5,1,natural,4,31,0.68,0
5,1,natural,4,32,0.92,0
5,1,natural,4,33,0.8,0
5,1,natural,4,34,0.96,0
5,1,natural,4,35,0.72,0
5,1,natural,4,36,0.92,0
5,1,natural,4,37,0.8,0
5,1,natural,4,38,0.76,0
5,1,natural,4,39,0.76,1
5,1,natural,4,40,0.8,0
5,1,natural,4,41,0.8,0
5,1,natural,4,42,0.88,0
5,1,natural,4,43,0.92,0
5,1,natural,4,44,0.88,0
5,1,natural,4,45,0.92,0
5,1,natural,4,46,0.52,1
5,1,natural,4,47,0.72,0
5,1,natural,4,48,0.64,1
5,1,natural,4,49,0.92,0
5,1,natural,4,50,0.96,0
5,1,natural,4,51,0.96,0
5,1,natural,4,52,0.6,0
5,1,natural,4,53,0.92,0
5,1,natural,4,54,0.96,0
5,1,natural,4,55,0.8,0
5,1,natural,4,56,0.72,0
5,1,natural,4,57,0.4,0
5,1,natural,4,58,0.8,0
5,1,natural,4,59,0.72,1
5,1,natural,4,60,0.92,0
5,1,natural,4,61,0.92,0
5,1,natural,4,62,0.8,0
5,1,natural,4,63,0.72,0
5,1,natural,4,64,0.64,0
5,1,natural,4,65,0.88,0
5,1,natural,4,66,0.88,0
5,1,natural,4,67,1.0,0
5,1,natural,4,68,0.84,0
5,1,natural,4,69,0.92,0
5,1,natural,4,70,0.84,0
5,1,natural,4,71,0.76,0
5,1,natural,4,72,0.76,1
5,1,natural,4,73,0.76,0
5,1,natural,4,74,0.8,0
5,1,natural,4,75,0.6,0
5,1,natural,4,76,0.76,0
5,1,natural,4,77,0.64,0
5,1,natural,4,78,0.96,0
5,1,natural,4,79,0.68,0
5,1,natural,4,80,0.76,1
5,1,natural,4,81,0.76,0
5,1,natural,4,82,0.88,0
5,1,natural,4,83,1.0,0
5,1,natural,4,84,0.72,1
5,1,natural,4,85,0.6,1
5,1,natural,4,86,0.8,0
5,1,natural,4,87,1.0,0
5,1,natural,4,88,1.0,0
5,1,natural,4,89,0.8,0
5,1,natural,4,90,0.84,0
5,1,natural,4,91,1.0,0
5,1,natural,4,92,0.48,1
5,1,natural,4,93,0.76,0
5,1,natural,4,94,0.76,0
5,1,natural,4,95,0.68,0
5,1,natural,4,96,0.96,0
5,1,natural,4,97,0.92,0
5,1,natural,4,98,0.64,0
5,1,natural,4,99,0.64,1
5,1,natural,4,100,0.92,0
5,1,natural,4,101,0.92,1
5,1,natural,4,102,0.68,0
5,1,natural,4,103,0.68,1
5,1,natural,4,104,0.6,1
5,1,natural,4,105,0.8,0
5,1,natural,4,106,0.76,1
5,1,natural,4,107,0.6,1
5,1,natural,4,108,0.44,1
5,1,natural,4,109,0.72,1
5,1,natural,4,110,0.84,0
5,1,natural,4,111,0.68,0
5,1,natural,4,112,0.96,0
5,1,natural,4,113,0.44,1
5,1,natural,4,114,0.8,1
5,1,natural,4,115,0.64,0
5,1,natural,4,116,0.84,0
5,1,natural,4,117,0.92,0
5,1,natural,4,118,0.68,0
5,1,natural,4,119,0.56,0
5,1,natural,4,120,0.84,0
5,1,natural,4,121,0.96,0
5,1,natural,4,122,0.8,1
5,1,natural,4,123,0.92,0
5,1,natural,4,124,0.64,1
5,1,natural,4,125,0.88,0
5,1,natural,4,126,0.84,1
5,1,natural,4,127,0.96,0
5,1,natural,4,128,0.84,0
5,1,natural,4,129,0.76,1
5,1,natural,4,130,0.8,0
5,1,natural,4,131,0.84,0
5,1,natural,4,132,0.76,0
5,1,natural,4,133,0.92,0
5,1,natural,4,134,0.76,0
5,1,natural,4,135,0.8,0
5,1,natural,4,136,0.72,1
5,1,natural,4,137,0.88,0
5,1,natural,4,138,0.72,0
5,1,natural,4,139,0.6,0
5,1,natural,4,140,0.8,0
5,1,natural,4,141,0.64,0
5,1,natural,4,142,0.96,0
5,1,natural,4,143,0.88,0
5,1,natural,4,144,0.8,0
5,1,natural,4,145,0.96,0
5,1,natural,4,146,0.92,0
5,1,natural,4,147,0.68,1
5,1,natural,4,148,0.84,0
5,1,natural,4,149,0.64,0
5,1,natural,4,150,0.56,1
5,1,natural,4,151,0.88,0
5,1,natural,4,152,0.84,0
5,1,natural,4,153,0.88,0
5,1,natural,4,154,0.68,1
5,1,natural,4,155,0.72,0
5,1,natural,4,156,1.0,0
5,1,natural,4,157,0.84,0
5,1,natural,4,158,0.68,1
5,1,natural,4,159,0.76,0
5,1,natural,4,160,0.92,0
5,1,natural,4,161,0.88,0
5,1,natural,4,162,0.6,1
5,1,natural,4,163,0.72,0
5,1,natural,4,164,1.0,0
5,1,natural,4,165,0.76,0
5,1,natural,4,166,0.44,0
5,1,natural,4,167,0.8,0
5,1,natural,4,168,0.8,0
5,1,natural,4,169,0.72,0
5,1,natural,4,170,0.72,0
5,1,natural,4,171,0.92,0
5,1,natural,4,172,0.96,0
5,1,natural,4,173,0.92,0
5,1,natural,4,174,0.84,0
5,1,natural,4,175,0.88,0
5,1,natural,4,176,0.72,0
5,1,natural,4,177,0.56,1
5,1,natural,4,178,0.8,0
5,1,natural,4,179,0.84,1
5,1,natural,4,180,0.96,0
5,1,natural,4,181,0.92,0
5,1,natural,4,182,0.84,1
5,1,natural,4,183,0.72,1
5,1,natural,4,184,0.84,0
5,1,natural,4,185,0.88,0
5,1,natural,4,186,0.92,0
5,1,natural,4,187,0.64,0
5,1,natural,4,188,0.8,0
5,1,natural,4,189,0.92,0
5,1,natural,4,190,0.84,0
5,1,natural,4,191,0.72,0
5,1,natural,4,192,0.76,0
5,1,natural,4,193,0.88,0
5,1,natural,4,194,0.92,1
5,1,natural,4,195,0.76,0
5,1,natural,4,196,0.56,1
5,1,natural,4,197,1.0,0
5,1,natural,4,198,0.88,0
5,1,natural,4,199,0.92,0
5,1,natural,4,200,1.0,0
5,1,natural,4,201,0.8,0
5,1,natural,4,202,0.6,1
5,1,natural,4,203,0.76,0
5,1,natural,4,204,0.88,0
5,1,natural,4,205,0.84,0
5,1,natural,4,206,0.8,0
5,1,natural,4,207,0.84,0
5,1,natural,4,208,0.92,0
5,1,natural,4,209,0.84,0
5,1,natural,4,210,0.88,0
5,1,natural,4,211,1.0,0
5,1,natural,4,212,0.84,0
5,1,natural,4,213,0.8,1
5,1,natural,4,214,0.68,0
5,1,natural,4,215,1.0,0
5,1,natural,4,216,0.84,0
5,1,natural,4,217,0.88,0
5,1,natural,4,218,0.68,0
5,1,natural,4,219,0.96,0
5,1,natural,4,220,0.84,0
5,1,natural,4,221,0.88,0
5,1,natural,4,222,1.0,0
5,1,natural,4,223,0.92,0
5,1,natural,4,224,0.68,0
5,1,natural,4,225,0.96,0
5,1,natural,4,226,0.88,1
5,1,natural,4,227,0.88,0
5,1,natural,4,228,0.56,1
5,1,natural,4,229,0.64,1
5,1,natural,4,230,0.8,0
5,1,natural,4,231,0.76,0
5,1,natural,4,232,0.8,0
5,1,natural,4,233,0.92,0
5,1,natural,4,234,0.72,1
5,1,natural,4,235,0.68,1
5,1,natural,4,236,0.96,0
5,1,natural,4,237,0.8,0
5,1,natural,4,238,0.72,0
5,1,natural,4,239,0.56,1
5,1,natural,4,240,0.56,1
5,1,natural,4,241,0.96,0
5,1,natural,4,242,0.76,0
5,1,natural,4,243,1.0,0
5,1,natural,4,244,0.68,0
5,1,natural,4,245,0.84,1
5,1,natural,4,246,0.6,0
5,1,natural,4,247,0.96,0
5,1,natural,4,248,0.8,0
5,1,natural,4,249,0.8,0
5,1,natural,4,250,0.72,0
5,1,natural,4,251,0.88,0
5,1,natural,4,252,0.96,0
5,1,natural,4,253,0.76,0
5,1,natural,4,254,0.88,0
5,1,natural,4,255,0.72,1
5,1,natural,4,256,0.84,0
5,1,natural,4,257,0.88,0
5,1,natural,4,258,0.96,0
5,1,natural,4,259,0.92,0
5,1,natural,4,260,0.88,0
5,1,natural,4,261,0.88,0
5,1,natural,4,262,0.84,0
5,1,natural,4,263,0.92,0
5,1,natural,4,264,0.84,0
5,1,natural,4,265,0.88,0
5,1,natural,4,266,0.76,0
5,1,natural,4,267,0.68,0
5,1,natural,4,268,0.72,1
5,1,natural,4,269,0.72,0
5,1,natural,4,270,0.6,1
5,1,natural,4,271,0.8,0
5,1,natural,4,272,0.84,0
5,1,natural,4,273,0.88,0
5,1,natural,4,274,0.8,0
5,1,natural,4,275,0.64,1
5,1,natural,4,276,0.88,0
5,1,natural,4,277,0.8,0
5,1,natural,4,278,1.0,0
5,1,natural,4,279,0.76,0
5,1,natural,4,280,0.84,0
5,1,natural,4,281,0.8,1
5,1,natural,4,282,0.76,0
5,1,natural,4,283,0.84,0
5,1,natural,4,284,0.96,0
5,1,natural,4,285,0.72,0
5,1,natural,4,286,0.84,0
5,1,natural,4,287,0.64,1
5,1,natural,4,288,0.76,0
5,1,natural,4,289,0.76,0
5,1,natural,4,290,1.0,0
5,1,natural,4,291,0.52,0
5,1,natural,4,292,0.72,0
5,1,natural,4,293,0.88,0
5,1,natural,4,294,0.96,0
5,1,natural,4,295,0.72,1
5,1,natural,4,296,0.76,0
5,1,natural,4,297,0.84,0
5,1,natural,4,298,0.84,0
5,1,natural,4,299,0.88,0
5,1,natural,4,300,0.8,0
5,1,natural,4,301,0.76,0
5,1,natural,4,302,0.8,0
5,1,natural,4,303,0.68,0
5,1,natural,4,304,0.92,0
5,1,natural,4,305,0.8,0
5,1,natural,4,306,1.0,0
5,1,natural,4,307,1.0,0
5,1,natural,4,308,0.68,0
5,1,natural,4,309,0.6,0
5,1,natural,4,310,0.84,0
5,1,natural,4,311,0.84,0
5,1,natural,4,312,0.68,0
5,1,natural,4,313,0.56,1
5,1,natural,4,314,0.8,1
5,1,natural,4,315,0.64,1
5,1,natural,4,316,0.72,0
5,1,natural,4,317,1.0,0
5,1,natural,4,318,0.64,1
5,1,natural,4,319,1.0,0
5,1,natural,4,320,0.96,0
5,1,natural,4,321,0.8,0
5,1,natural,4,322,1.0,0
5,1,natural,4,323,0.84,0
5,1,natural,4,324,0.96,0
5,1,natural,4,325,0.72,0
5,1,natural,4,326,0.8,1
5,1,natural,4,327,0.8,0
5,1,natural,4,328,0.6,0
5,1,natural,4,329,0.88,0
5,1,natural,4,330,0.56,1
5,1,natural,4,331,0.76,0
5,1,natural,4,332,0.88,0
5,1,natural,4,333,0.88,0
5,1,natural,4,334,0.68,1
5,1,natural,4,335,0.72,1
5,1,natural,4,336,0.92,0
5,1,natural,4,337,0.68,0
5,1,natural,4,338,0.8,0
5,1,natural,4,339,0.64,0
5,1,natural,4,340,0.8,1
5,1,natural,4,341,0.72,1
5,1,natural,4,342,0.56,0
5,1,natural,4,343,1.0,0
5,1,natural,4,344,0.88,0
5,1,natural,4,345,1.0,0
5,1,natural,4,346,0.48,1
5,1,natural,4,347,0.68,0
5,1,natural,4,348,0.64,1
5,1,natural,4,349,0.8,0
5,1,natural,4,350,0.8,0
5,1,natural,4,351,0.8,0
5,1,natural,4,352,0.84,0
5,1,natural,4,353,0.8,1
5,1,natural,4,354,0.96,0
5,1,natural,4,355,0.92,0
5,1,natural,4,356,0.64,0
5,1,natural,4,357,0.84,0
5,1,natural,4,358,0.76,0
5,1,natural,4,359,0.88,0
5,1,natural,4,360,0.8,0
5,1,natural,4,361,0.72,0
5,1,natural,4,362,0.84,0
5,1,natural,4,363,0.76,0
5,1,natural,4,364,0.84,0
5,1,natural,4,365,0.8,0
5,1,natural,4,366,0.84,1
5,1,natural,4,367,0.92,1
5,1,natural,4,368,0.96,0
5,1,natural,4,369,0.72,1
5,1,natural,4,370,0.88,0
5,1,natural,4,371,0.8,1
5,1,natural,4,372,0.64,0
5,1,natural,4,373,0.92,0
5,1,natural,4,374,0.76,0
5,1,natural,4,375,0.84,1
5,1,natural,4,376,0.56,0
5,1,natural,4,377,0.8,0
5,1,natural,4,378,0.68,1
5,1,natural,4,379,0.68,0
5,1,natural,4,380,0.84,1
5,1,natural,4,381,0.56,0
5,1,natural,4,382,0.96,0
5,1,natural,4,383,0.8,0
5,1,natural,4,384,0.84,0
5,1,natural,4,385,0.88,0
5,1,natural,4,386,0.64,0
5,1,natural,4,387,0.8,0
5,1,natural,4,388,0.8,0
5,1,natural,4,389,0.84,0
5,1,natural,4,390,0.96,0
5,1,natural,4,391,0.76,0
5,1,natural,4,392,0.84,0
5,1,natural,4,393,0.96,0
5,1,natural,4,394,0.88,0
5,1,natural,4,395,0.92,0
5,1,natural,4,396,0.96,0
5,1,natural,4,397,0.8,0
5,1,natural,4,398,0.92,0
5,1,natural,4,399,0.84,0
5,1,natural,4,400,0.52,0
5,1,natural,4,401,0.64,0
5,1,natural,4,402,0.84,0
5,1,natural,4,403,0.72,1
5,1,natural,4,404,0.68,0
5,1,natural,4,405,0.72,0
5,1,natural,4,406,0.64,0
5,1,natural,4,407,0.76,0
5,1,natural,4,408,0.88,0
5,1,natural,4,409,0.88,0
5,1,natural,4,410,0.72,0
5,1,natural,4,411,0.92,0
5,1,natural,4,412,0.76,0
5,1,natural,4,413,0.68,0
5,1,natural,4,414,0.92,0
5,1,natural,4,415,0.84,0
5,1,natural,4,416,0.88,0
5,1,natural,4,417,0.88,0
5,1,natural,4,418,0.88,0
5,1,natural,4,419,0.8,0
5,1,natural,4,420,1.0,0
5,1,natural,4,421,0.76,0
5,1,natural,4,422,0.72,0
5,1,natural,4,423,0.72,0
5,1,natural,4,424,0.68,0
5,1,natural,4,425,0.96,0
5,1,natural,4,426,0.68,0
5,1,natural,4,427,1.0,0
5,1,natural,4,428,0.76,0
5,1,natural,4,429,0.92,0
5,1,natural,4,430,0.76,1
5,1,natural,4,431,0.76,0
5,1,natural,4,432,0.84,0
5,1,natural,4,433,0.76,0
5,1,natural,4,434,0.92,0
5,1,natural,4,435,0.92,0
5,1,natural,4,436,0.8,1
5,1,natural,4,437,0.88,1
5,1,natural,4,438,0.96,0
5,1,natural,4,439,0.6,0
5,1,natural,4,440,0.64,0
5,1,natural,4,441,0.72,0
5,1,natural,4,442,0.72,0
5,1,natural,4,443,0.64,0
5,1,natural,4,444,0.6,1
5,1,natural,4,445,0.76,1
5,1,natural,4,446,0.8,0
5,1,natural,4,447,0.8,1
5,1,natural,4,448,1.0,0
5,1,natural,4,449,0.68,0
5,1,natural,4,450,0.72,1
5,1,natural,4,451,0.68,1
5,1,natural,4,452,0.88,0
5,1,natural,4,453,0.68,0
5,1,natural,4,454,0.84,0
5,1,natural,4,455,0.92,0
5,1,natural,4,456,0.84,0
5,1,natural,4,457,0.96,0
5,1,natural,4,458,0.88,1
5,1,natural,4,459,0.76,0
5,1,natural,4,460,0.84,1
5,1,natural,4,461,0.76,0
5,1,natural,4,462,0.56,1
5,1,natural,4,463,0.44,1
5,1,natural,4,464,0.72,1
5,1,natural,4,465,0.76,0
5,1,natural,4,466,0.88,0
5,1,natural,4,467,0.68,0
5,1,natural,4,468,0.8,1
5,1,natural,4,469,0.8,0
5,1,natural,4,470,0.72,0
5,1,natural,4,471,0.6,1
5,1,natural,4,472,0.84,0
5,1,natural,4,473,0.92,0
5,1,natural,4,474,0.88,0
5,1,natural,4,475,0.8,0
5,1,natural,4,476,0.92,1
5,1,natural,4,477,0.8,0
5,1,natural,4,478,1.0,0
5,1,natural,4,479,0.6,0
5,1,natural,4,480,0.76,1
5,1,natural,4,481,0.84,1
5,1,natural,4,482,0.88,0
5,1,natural,4,483,0.76,0
5,1,natural,4,484,0.92,0
5,1,natural,4,485,0.92,0
5,1,natural,4,486,0.88,0
5,1,natural,4,487,0.88,0
5,1,natural,4,488,0.88,0
5,1,natural,4,489,0.8,0
5,1,natural,4,490,0.92,0
5,1,natural,4,491,0.88,0
5,1,natural,4,492,0.84,0
5,1,natural,4,493,0.96,0
5,1,natural,4,494,0.8,0
5,1,natural,4,495,0.6,0
5,1,natural,4,496,0.84,0
5,1,natural,4,497,0.92,0
5,1,natural,4,498,0.8,0
5,1,natural,4,499,0.76,1
5,3,natural,0,0,0.88,0
5,3,natural,0,1,0.76,0
5,3,natural,0,2,0.84,0
5,3,natural,0,3,0.8,0
5,3,natural,0,4,0.68,0
5,3,natural,0,5,1.0,0
5,3,natural,0,6,0.88,0
5,3,natural,0,7,0.88,1
5,3,natural,0,8,1.0,0
5,3,natural,0,9,0.84,1
5,3,natural,0,10,0.84,0
5,3,natural,0,11,0.88,0
5,3,natural,0,12,0.92,0
5,3,natural,0,13,0.96,0
5,3,natural,0,14,0.96,0
5,3,natural,0,15,0.76,1
5,3,natural,0,16,0.76,0
5,3,natural,0,17,0.84,0
5,3,natural,0,18,1.0,0
5,3,natural,0,19,1.0,0
5,3,natural,0,20,0.88,0
5,3,natural,0,21,0.92,0
5,3,natural,0,22,0.92,0
5,3,natural,0,23,0.8,0
5,3,natural,0,24,0.88,0
5,3,natural,0,25,1.0,0
5,3,natural,0,26,0.92,0
5,3,natural,0,27,0.88,1
5,3,natural,0,28,0.92,0
5,3,natural,0,29,0.64,1
5,3,natural,0,30,0.68,0
5,3,natural,0,31,0.96,0
5,3,natural,0,32,0.92,0
5,3,natural,0,33,0.68,0
5,3,natural,0,34,0.8,0
5,3,natural,0,35,1.0,0
5,3,natural,0,36,0.72,1
5,3,natural,0,37,0.84,0
5,3,natural,0,38,0.88,0
5,3,natural,0,39,0.76,0
5,3,natural,0,40,0.88,0
5,3,natural,0,41,0.92,0
5,3,natural,0,42,0.8,1
5,3,natural,0,43,0.76,0
5,3,natural,0,44,0.88,0
5,3,natural,0,45,0.76,1
5,3,natural,0,46,0.88,0
5,3,natural,0,47,1.0,0
5,3,natural,0,48,0.76,0
5,3,natural,0,49,0.96,0
5,3,natural,0,50,1.0,0
5,3,natural,0,51,0.96,0
5,3,natural,0,52,0.88,0
5,3,natural,0,53,0.84,1
5,3,natural,0,54,0.88,0
5,3,natural,0,55,1.0,0
5,3,natural,0,56,1.0,0
5,3,natural,0,57,0.92,0
5,3,natural,0,58,0.72,1
5,3,natural,0,59,0.88,0
5,3,natural,0,60,0.84,0
5,3,natural,0,61,1.0,0
5,3,natural,0,62,0.56,1
5,3,natural,0,63,0.84,0
5,3,natural,0,64,0.88,1
5,3,natural,0,65,0.84,0
5,3,natural,0,66,0.72,0
5,3,natural,0,67,0.88,0
5,3,natural,0,68,1.0,0
5,3,natural,0,69,0.84,0
5,3,natural,0,70,0.76,1
5,3,natural,0,71,0.72,0
5,3,natural,0,72,0.88,0
5,3,natural,0,73,0.84,0
5,3,natural,0,74,0.8,0
5,3,natural,0,75,0.88,0
5,3,natural,0,76,0.88,0
5,3,natural,0,77,0.88,1
5,3,natural,0,78,0.88,0
5,3,natural,0,79,0.76,1
5,3,natural,0,80,0.84,0
5,3,natural,0,81,0.84,0
5,3,natural,0,82,1.0,0
5,3,natural,0,83,0.96,0
5,3,natural,0,84,0.92,0
5,3,natural,0,85,0.8,0
5,3,natural,0,86,0.88,0
5,3,natural,0,87,0.88,0
5,3,natural,0,88,0.72,0
5,3,natural,0,89,0.84,1
5,3,natural,0,90,1.0,0
5,3,natural,0,91,0.88,0
5,3,natural,0,92,0.92,0
5,3,natural,0,93,0.68,1
5,3,natural,0,94,0.96,0
5,3,natural,0,95,0.92,0
5,3,natural,0,96,0.68,1
5,3,natural,0,97,0.8,0
5,3,natural,0,98,0.88,0
5,3,natural,0,99,0.84,0
5,3,natural,0,100,0.68,0
5,3,natural,0,101,1.0,0
5,3,natural,0,102,0.92,0
5,3,natural,0,103,0.84,0
5,3,natural,0,104,0.72,1
5,3,natural,0,105,0.76,0
5,3,natural,0,106,0.84,0
5,3,natural,0,107,1.0,0
5,3,natural,0,108,0.92,0
5,3,natural,0,109,0.96,0
5,3,natural,0,110,0.88,0
5,3,natural,0,111,0.8,0
5,3,natural,0,112,1.0,0
5,3,natural,0,113,1.0,0
5,3,natural,0,114,1.0,0
5,3,natural,0,115,0.72,0
5,3,natural,0,116,0.88,0
5,3,natural,0,117,0.92,0
5,3,natural,0,118,0.88,0
5,3,natural,0,119,0.8,0
5,3,natural,0,120,0.88,0
5,3,natural,0,121,0.8,0
5,3,natural,0,122,0.72,1
5,3,natural,0,123,0.76,0
5,3,natural,0,124,0.92,0
5,3,natural,0,125,0.84,1
5,3,natural,0,126,0.68,0
5,3,natural,0,127,1.0,0
5,3,natural,0,128,0.92,0
5,3,natural,0,129,0.84,1
5,3,natural,0,130,0.88,0
5,3,natural,0,131,0.92,0
5,3,natural,0,132,0.68,0
5,3,natural,0,133,1.0,0
5,3,natural,0,134,0.92,0
5,3,natural,0,135,0.88,0
5,3,natural,0,136,0.76,0
5,3,natural,0,137,0.8,0
5,3,natural,0,138,0.88,0
5,3,natural,0,139,0.72,0
5,3,natural,0,140,1.0,0
5,3,natural,0,141,0.92,0
5,3,natural,0,142,0.76,1
5,3,natural,0,143,0.88,1
5,3,natural,0,144,0.72,0
5,3,natural,0,145,1.0,0
5,3,natural,0,146,0.68,1
5,3,natural,0,147,0.76,0
5,3,natural,0,148,0.64,1
5,3,natural,0,149,0.64,1
5,3,natural,0,150,0.84,0
5,3,natural,0,151,0.92,0
5,3,natural,0,152,0.8,0
5,3,natural,0,153,0.84,0
5,3,natural,0,154,0.92,0
5,3,natural,0,155,0.64,0
5,3,natural,0,156,0.88,0
5,3,natural,0,157,0.8,0
5,3,natural,0,158,0.72,1
5,3,natural,0,159,0.84,0
5,3,natural,0,160,0.88,0
5,3,natural,0,161,1.0,0
5,3,natural,0,162,0.84,0
5,3,natural,0,163,0.92,0
5,3,natural,0,164,0.88,0
5,3,natural,0,165,0.88,0
5,3,natural,0,166,0.92,0
5,3,natural,0,167,0.72,1
5,3,natural,0,168,0.6,1
5,3,natural,0,169,0.96,0
5,3,natural,0,170,0.88,0
5,3,natural,0,171,0.68,1
5,3,natural,0,172,0.88,0
5,3,natural,0,173,0.84,0
5,3,natural,0,174,0.8,0
5,3,natural,0,175,0.76,0
5,3,natural,0,176,0.8,1
5,3,natural,0,177,0.92,0
5,3,natural,0,178,0.92,0
5,3,natural,0,179,0.96,0
5,3,natural,0,180,0.8,1
5,3,natural,0,181,0.84,1
5,3,natural,0,182,0.88,0
5,3,natural,0,183,0.88,0
5,3,natural,0,184,0.76,1
5,3,natural,0,185,0.84,0
5,3,natural,0,186,0.88,0
5,3,natural,0,187,0.92,0
5,3,natural,0,188,0.84,0
5,3,natural,0,189,0.68,1
5,3,natural,0,190,0.72,1
5,3,natural,0,191,0.96,0
5,3,natural,0,192,0.92,0
5,3,natural,0,193,0.84,1
5,3,natural,0,194,0.84,1
5,3,natural,0,195,0.88,0
5,3,natural,0,196,0.92,0
5,3,natural,0,197,0.96,0
5,3,natural,0,198,0.84,0
5,3,natural,0,199,0.68,0
5,3,natural,0,200,0.68,0
5,3,natural,0,201,0.88,0
5,3,natural,0,202,0.96,0
5,3,natural,0,203,0.8,0
5,3,natural,0,204,0.8,1
5,3,natural,0,205,0.92,1
5,3,natural,0,206,0.88,0
5,3,natural,0,207,0.92,0
5,3,natural,0,208,0.8,0
5,3,natural,0,209,0.92,0
5,3,natural,0,210,0.88,1
5,3,natural,0,211,0.88,0
5,3,natural,0,212,0.76,0
5,3,natural,0,213,0.88,0
5,3,natural,0,214,0.8,0
5,3,natural,0,215,0.8,0
5,3,natural,0,216,0.88,0
5,3,natural,0,217,0.96,0
5,3,natural,0,218,0.6,1
5,3,natural,0,219,0.96,0
5,3,natural,0,220,0.8,0
5,3,natural,0,221,0.88,0
5,3,natural,0,222,0.92,0
5,3,natural,0,223,0.92,0
5,3,natural,0,224,0.88,1
5,3,natural,0,225,0.84,0
5,3,natural,0,226,0.92,0
5,3,natural,0,227,0.8,0
5,3,natural,0,228,0.64,1
5,3,natural,0,229,0.8,0
5,3,natural,0,230,0.84,0
5,3,natural,0,231,0.92,0
5,3,natural,0,232,0.84,0
5,3,natural,0,233,0.92,0
5,3,natural,0,234,0.88,0
5,3,natural,0,235,0.76,1
5,3,natural,0,236,0.72,0
5,3,natural,0,237,0.84,0
5,3,natural,0,238,0.84,0
5,3,natural,0,239,0.72,0
5,3,natural,0,240,0.88,0
5,3,natural,0,241,0.76,1
5,3,natural,0,242,0.72,1
5,3,natural,0,243,0.96,0
5,3,natural,0,244,1.0,0
5,3,natural,0,245,0.84,0
5,3,natural,0,246,0.76,0
5,3,natural,0,247,0.76,1
5,3,natural,0,248,0.84,0
5,3,natural,0,249,0.84,0
5,3,natural,0,250,0.88,0
5,3,natural,0,251,0.88,0
5,3,natural,0,252,0.96,0
5,3,natural,0,253,0.92,0
5,3,natural,0,254,0.96,0
5,3,natural,0,255,0.84,0
5,3,natural,0,256,0.88,0
5,3,natural,0,257,0.8,0
5,3,natural,0,258,0.76,0
5,3,natural,0,259,0.96,0
5,3,natural,0,260,0.84,1
5,3,natural,0,261,0.96,0
5,3,natural,0,262,0.96,0
5,3,natural,0,263,1.0,0
5,3,natural,0,264,0.96,0
5,3,natural,0,265,1.0,0
5,3,natural,0,266,0.84,0
5,3,natural,0,267,0.84,0
5,3,natural,0,268,0.72,0
5,3,natural,0,269,0.8,1
5,3,natural,0,270,0.92,0
5,3,natural,0,271,1.0,0
5,3,natural,0,272,0.84,0
5,3,natural,0,273,0.76,1
5,3,natural,0,274,0.92,0
5,3,natural,0,275,0.88,0
5,3,natural,0,276,0.8,0
5,3,natural,0,277,0.84,1
5,3,natural,0,278,0.88,0
5,3,natural,0,279,0.72,0
5,3,natural,0,280,0.92,0
5,3,natural,0,281,0.52,1
5,3,natural,0,282,0.8,1
5,3,natural,0,283,0.88,0
5,3,natural,0,284,0.84,1
5,3,natural,0,285,0.88,1
5,3,natural,0,286,0.72,0
5,3,natural,0,287,0.88,0
5,3,natural,0,288,0.92,0
5,3,natural,0,289,0.96,0
5,3,natural,0,290,0.92,0
5,3,natural,0,291,1.0,0
5,3,natural,0,292,0.76,0
5,3,natural,0,293,0.8,1
5,3,natural,0,294,0.88,0
5,3,natural,0,295,0.92,0
5,3,natural,0,296,0.84,0
5,3,natural,0,297,0.92,0
5,3,natural,0,298,0.88,0
5,3,natural,0,299,0.88,0
5,3,natural,0,300,0.92,0
5,3,natural,0,301,0.96,0
5,3,natural,0,302,0.84,0
5,3,natural,0,303,0.76,1
5,3,natural,0,304,0.96,0
5,3,natural,0,305,0.96,0
5,3,natural,0,306,0.84,1
5,3,natural,0,307,0.92,0
5,3,natural,0,308,0.84,0
5,3,natural,0,309,0.92,0
5,3,natural,0,310,0.88,0
5,3,natural,0,311,1.0,0
5,3,natural,0,312,0.8,0
5,3,natural,0,313,1.0,0
5,3,natural,0,314,1.0,0
5,3,natural,0,315,0.96,0
5,3,natural,0,316,0.84,0
5,3,natural,0,317,0.8,0
5,3,natural,0,318,0.92,0
5,3,natural,0,319,0.96,0
5,3,natural,0,320,0.92,0
5,3,natural,0,321,0.92,0
5,3,natural,0,322,0.88,0
5,3,natural,0,323,0.8,1
5,3,natural,0,324,0.92,0
5,3,natural,0,325,0.72,0
5,3,natural,0,326,0.68,0
5,3,natural,0,327,0.8,0
5,3,natural,0,328,0.96,0
5,3,natural,0,329,0.88,1
5,3,natural,0,330,0.84,0
5,3,natural,0,331,0.76,0
5,3,natural,0,332,0.8,1
5,3,natural,0,333,0.92,0
5,3,natural,0,334,0.8,0
5,3,natural,0,335,0.96,0
5,3,natural,0,336,0.96,0
5,3,natural,0,337,0.84,0
5,3,natural,0,338,0.8,0
5,3,natural,0,339,0.96,0
5,3,natural,0,340,1.0,0
5,3,natural,0,341,0.96,0
5,3,natural,0,342,0.8,0
5,3,natural,0,343,1.0,0
5,3,natural,0,344,0.8,0
5,3,natural,0,345,0.88,0
5,3,natural,0,346,0.96,0
5,3,natural,0,347,0.96,0
5,3,natural,0,348,0.8,0
5,3,natural,0,349,0.76,0
5,3,natural,0,350,1.0,0
5,3,natural,0,351,0.84,0
5,3,natural,0,352,0.68,1
5,3,natural,0,353,0.76,0
5,3,natural,0,354,0.84,0
5,3,natural,0,355,0.76,0
5,3,natural,0,356,0.72,0
5,3,natural,0,357,0.92,0
5,3,natural,0,358,0.96,0
5,3,natural,0,359,0.92,0
5,3,natural,0,360,0.88,1
5,3,natural,0,361,0.92,0
5,3,natural,0,362,0.92,0
5,3,natural,0,363,0.72,1
5,3,natural,0,364,0.88,0
5,3,natural,0,365,0.96,0
5,3,natural,0,366,0.8,0
5,3,natural,0,367,0.64,1
5,3,natural,0,368,0.8,0
5,3,natural,0,369,1.0,0
5,3,natural,0,370,0.96,0
5,3,natural,0,371,0.92,0
5,3,natural,0,372,1.0,0
5,3,natural,0,373,0.92,0
5,3,natural,0,374,1.0,0
5,3,natural,0,375,0.68,1
5,3,natural,0,376,0.92,0
5,3,natural,0,377,0.96,0
5,3,natural,0,378,0.76,0
5,3,natural,0,379,0.72,0
5,3,natural,0,380,0.72,1
5,3,natural,0,381,0.96,0
5,3,natural,0,382,1.0,1
5,3,natural,0,383,0.88,0
5,3,natural,0,384,0.84,0
5,3,natural,0,385,0.88,1
5,3,natural,0,386,0.8,0
5,3,natural,0,387,0.88,0
5,3,natural,0,388,0.8,0
5,3,natural,0,389,0.68,0
5,3,natural,0,390,0.96,0
5,3,natural,0,391,0.88,0
5,3,natural,0,392,1.0,0
5,3,natural,0,393,0.72,0
5,3,natural,0,394,0.92,0
5,3,natural,0,395,0.96,0
5,3,natural,0,396,0.96,0
5,3,natural,0,397,1.0,0
5,3,natural,0,398,0.64,0
5,3,natural,0,399,0.84,0
5,3,natural,0,400,0.68,1
5,3,natural,0,401,0.88,1
5,3,natural,0,402,0.6,1
5,3,natural,0,403,0.92,0
5,3,natural,0,404,0.8,0
5,3,natural,0,405,0.92,0
5,3,natural,0,406,0.88,0
5,3,natural,0,407,1.0,0
5,3,natural,0,408,0.88,0
5,3,natural,0,409,0.84,0
5,3,natural,0,410,0.84,0
5,3,natural,0,411,0.96,0
5,3,natural,0,412,0.76,0
5,3,natural,0,413,0.96,0
5,3,natural,0,414,0.8,0
5,3,natural,0,415,0.88,0
5,3,natural,0,416,0.84,0
5,3,natural,0,417,0.92,0
5,3,natural,0,418,0.8,0
5,3,natural,0,419,0.72,0
5,3,natural,0,420,0.76,0
5,3,natural,0,421,0.68,0
5,3,natural,0,422,0.96,0
5,3,natural,0,423,0.72,1
5,3,natural,0,424,0.8,1
5,3,natural,0,425,0.8,1
5,3,natural,0,426,0.88,0
5,3,natural,0,427,0.72,0
5,3,natural,0,428,0.88,0
5,3,natural,0,429,0.92,0
5,3,natural,0,430,0.96,0
5,3,natural,0,431,1.0,0
5,3,natural,0,432,0.92,0
5,3,natural,0,433,0.92,0
5,3,natural,0,434,0.88,0
5,3,natural,0,435,0.92,0
5,3,natural,0,436,1.0,0
5,3,natural,0,437,0.96,0
5,3,natural,0,438,0.92,0
5,3,natural,0,439,0.8,1
5,3,natural,0,440,0.84,0
5,3,natural,0,441,0.96,0
5,3,natural,0,442,0.96,0
5,3,natural,0,443,0.96,0
5,3,natural,0,444,0.92,0
5,3,natural,0,445,0.68,0
5,3,natural,0,446,0.8,0
5,3,natural,0,447,0.88,0
5,3,natural,0,448,0.92,0
5,3,natural,0,449,0.68,1
5,3,natural,0,450,0.68,0
5,3,natural,0,451,0.96,0
5,3,natural,0,452,0.84,0
5,3,natural,0,453,0.84,0
5,3,natural,0,454,0.96,0
5,3,natural,0,455,0.96,0
5,3,natural,0,456,0.96,0
5,3,natural,0,457,0.92,0
5,3,natural,0,458,1.0,0
5,3,natural,0,459,0.96,0
5,3,natural,0,460,0.76,1
5,3,natural,0,461,1.0,0
5,3,natural,0,462,0.84,0
5,3,natural,0,463,1.0,0
5,3,natural,0,464,0.88,0
5,3,natural,0,465,0.92,0
5,3,natural,0,466,0.96,0
5,3,natural,0,467,0.68,0
5,3,natural,0,468,0.96,0
5,3,natural,0,469,0.96,0
5,3,natural,0,470,0.92,0
5,3,natural,0,471,0.84,1
5,3,natural,0,472,0.96,0
5,3,natural,0,473,0.64,1
5,3,natural,0,474,0.6,0
5,3,natural,0,475,0.84,0
5,3,natural,0,476,0.84,0
5,3,natural,0,477,0.8,0
5,3,natural,0,478,0.88,0
5,3,natural,0,479,1.0,0
5,3,natural,0,480,0.88,0
5,3,natural,0,481,0.92,0
5,3,natural,0,482,0.84,0
5,3,natural,0,483,0.72,1
5,3,natural,0,484,0.96,0
5,3,natural,0,485,0.92,0
5,3,natural,0,486,0.92,0
5,3,natural,0,487,1.0,0
5,3,natural,0,488,0.8,0
5,3,natural,0,489,0.96,0
5,3,natural,0,490,1.0,0
5,3,natural,0,491,0.76,1
5,3,natural,0,492,0.92,0
5,3,natural,0,493,0.84,1
5,3,natural,0,494,0.88,0
5,3,natural,0,495,0.88,0
5,3,natural,0,496,0.76,0
5,3,natural,0,497,1.0,0
5,3,natural,0,498,0.92,0
5,3,natural,0,499,1.0,0
5,3,natural,1,0,0.96,0
5,3,natural,1,1,0.8,1
5,3,natural,1,2,0.84,0
5,3,natural,1,3,0.96,0
5,3,natural,1,4,0.88,0
5,3,natural,1,5,0.88,0
5,3,natural,1,6,0.96,0
5,3,natural,1,7,0.96,0
5,3,natural,1,8,0.8,0
5,3,natural,1,9,0.84,0
5,3,natural,1,10,0.92,0
5,3,natural,1,11,0.96,0
5,3,natural,1,12,0.68,1
5,3,natural,1,13,0.92,0
5,3,natural,1,14,0.8,0
5,3,natural,1,15,0.96,0
5,3,natural,1,16,0.8,1
5,3,natural,1,17,0.96,0
5,3,natural,1,18,1.0,0
5,3,natural,1,19,0.8,0
5,3,natural,1,20,0.88,0
5,3,natural,1,21,0.92,0
5,3,natural,1,22,0.88,0
5,3,natural,1,23,0.84,0
5,3,natural,1,24,0.88,0
5,3,natural,1,25,0.92,0
5,3,natural,1,26,0.76,1
5,3,natural,1,27,0.88,0
5,3,natural,1,28,0.84,0
5,3,natural,1,29,0.76,1
5,3,natural,1,30,0.76,1
5,3,natural,1,31,0.84,1
5,3,natural,1,32,0.8,0
5,3,natural,1,33,0.64,0
5,3,natural,1,34,0.8,0
5,3,natural,1,35,0.84,0
5,3,natural,1,36,0.84,0
5,3,natural,1,37,0.96,0
5,3,natural,1,38,0.68,0
5,3,natural,1,39,1.0,0
5,3,natural,1,40,0.84,0
5,3,natural,1,41,0.84,0
5,3,natural,1,42,0.92,0
5,3,natural,1,43,0.96,0
5,3,natural,1,44,0.96,0
5,3,natural,1,45,0.8,0
5,3,natural,1,46,0.96,0
5,3,natural,1,47,1.0,0
5,3,natural,1,48,0.92,0
5,3,natural,1,49,0.8,1
5,3,natural,1,50,0.88,0
5,3,natural,1,51,0.92,0
5,3,natural,1,52,0.92,0
5,3,natural,1,53,0.76,1
5,3,natural,1,54,0.96,0
5,3,natural,1,55,0.88,1
5,3,natural,1,56,0.92,0
5,3,natural,1,57,1.0,0
5,3,natural,1,58,0.92,0
5,3,natural,1,59,0.88,0
5,3,natural,1,60,1.0,0
5,3,natural,1,61,0.68,0
5,3,natural,1,62,0.96,0
5,3,natural,1,63,1.0,0
5,3,natural,1,64,0.76,0
5,3,natural,1,65,1.0,0
5,3,natural,1,66,0.8,0
5,3,natural,1,67,1.0,0
5,3,natural,1,68,0.76,0
5,3,natural,1,69,0.96,0
5,3,natural,1,70,0.8,1
5,3,natural,1,71,0.64,1
5,3,natural,1,72,0.64,0
5,3,natural,1,73,1.0,0
5,3,natural,1,74,0.84,0
5,3,natural,1,75,0.92,0
5,3,natural,1,76,0.88,0
5,3,natural,1,77,0.64,1
5,3,natural,1,78,0.72,0
5,3,natural,1,79,0.88,0
5,3,natural,1,80,0.96,0
5,3,natural,1,81,0.96,0
5,3,natural,1,82,0.84,0
5,3,natural,1,83,0.72,1
5,3,natural,1,84,0.72,1
5,3,natural,1,85,0.84,0
5,3,natural,1,86,0.88,0
5,3,natural,1,87,0.76,1
5,3,natural,1,88,0.88,0
5,3,natural,1,89,0.84,1
5,3,natural,1,90,0.8,1
5,3,natural,1,91,0.84,0
5,3,natural,1,92,0.92,0
5,3,natural,1,93,0.6,1
5,3,natural,1,94,0.88,0
5,3,natural,1,95,0.92,0
5,3,natural,1,96,0.96,0
5,3,natural,1,97,0.92,0
5,3,natural,1,98,0.84,0
5,3,natural,1,99,0.84,0
5,3,natural,1,100,0.92,0
5,3,natural,1,101,0.88,0
5,3,natural,1,102,0.72,1
5,3,natural,1,103,1.0,0
5,3,natural,1,104,0.76,0
5,3,natural,1,105,0.88,0
5,3,natural,1,106,0.88,0
5,3,natural,1,107,0.92,0
5,3,natural,1,108,0.72,1
5,3,natural,1,109,0.92,0
5,3,natural,1,110,0.88,1
5,3,natural,1,111,1.0,0
5,3,natural,1,112,0.84,0
5,3,natural,1,113,0.8,0
5,3,natural,1,114,1.0,0
5,3,natural,1,115,0.92,0
5,3,natural,1,116,0.76,0
5,3,natural,1,117,0.96,0
5,3,natural,1,118,0.8,0
5,3,natural,1,119,0.88,0
5,3,natural,1,120,0.88,0
5,3,natural,1,121,0.8,0
5,3,natural,1,122,0.76,1
5,3,natural,1,123,0.72,1
5,3,natural,1,124,0.96,0
5,3,natural,1,125,0.96,0
5,3,natural,1,126,0.84,0
5,3,natural,1,127,0.84,0
5,3,natural,1,128,0.88,0
5,3,natural,1,129,1.0,0
5,3,natural,1,130,0.8,1
5,3,natural,1,131,0.96,0
5,3,natural,1,132,0.92,0
5,3,natural,1,133,0.92,0
5,3,natural,1,134,0.92,0
5,3,natural,1,135,0.76,0
5,3,natural,1,136,0.92,0
5,3,natural,1,137,0.76,1
5,3,natural,1,138,0.64,0
5,3,natural,1,139,0.8,0
5,3,natural,1,140,0.76,0
5,3,natural,1,141,0.84,0
5,3,natural,1,142,0.88,0
5,3,natural,1,143,0.76,0
5,3,natural,1,144,0.84,0
5,3,natural,1,145,0.92,0
5,3,natural,1,146,0.92,1
5,3,natural,1,147,1.0,0
5,3,natural,1,148,0.68,1
5,3,natural,1,149,0.92,0
5,3,natural,1,150,0.72,0
5,3,natural,1,151,0.44,1
5,3,natural,1,152,0.96,0
5,3,natural,1,153,1.0,0
5,3,natural,1,154,0.8,1
5,3,natural,1,155,0.72,0
5,3,natural,1,156,1.0,0
5,3,natural,1,157,0.96,0
5,3,natural,1,158,0.8,1
5,3,natural,1,159,0.84,0
5,3,natural,1,160,0.96,0
5,3,natural,1,161,0.76,1
5,3,natural,1,162,0.76,1
5,3,natural,1,163,1.0,0
5,3,natural,1,164,0.96,0
5,3,natural,1,165,0.8,1
5,3,natural,1,166,0.96,0
5,3,natural,1,167,0.84,0
5,3,natural,1,168,0.96,0
5,3,natural,1,169,0.88,0
5,3,natural,1,170,0.92,0
5,3,natural,1,171,0.88,1
5,3,natural,1,172,0.68,1
5,3,natural,1,173,0.8,1
5,3,natural,1,174,0.72,0
5,3,natural,1,175,0.64,1
5,3,natural,1,176,0.88,0
5,3,natural,1,177,0.92,0
5,3,natural,1,178,0.8,0
5,3,natural,1,179,1.0,0
5,3,natural,1,180,0.8,0
5,3,natural,1,181,0.76,1
5,3,natural,1,182,0.96,0
5,3,natural,1,183,0.84,0
5,3,natural,1,184,0.8,1
5,3,natural,1,185,0.84,0
5,3,natural,1,186,0.84,0
5,3,natural,1,187,0.88,0
5,3,natural,1,188,0.76,0
5,3,natural,1,189,0.8,0
5,3,natural,1,190,0.92,0
5,3,natural,1,191,0.8,0
5,3,natural,1,192,0.92,0
5,3,natural,1,193,1.0,0
5,3,natural,1,194,0.92,0
5,3,natural,1,195,0.92,0
5,3,natural,1,196,0.88,0
5,3,natural,1,197,1.0,0
5,3,natural,1,198,0.76,0
5,3,natural,1,199,0.96,0
5,3,natural,1,200,0.8,0
5,3,natural,1,201,0.92,0
5,3,natural,1,202,0.88,0
5,3,natural,1,203,0.92,0
5,3,natural,1,204,0.88,0
5,3,natural,1,205,0.72,1
5,3,natural,1,206,0.92,0
5,3,natural,1,207,1.0,0
5,3,natural,1,208,0.72,1
5,3,natural,1,209,0.92,0
5,3,natural,1,210,1.0,0
5,3,natural,1,211,0.92,0
5,3,natural,1,212,0.92,0
5,3,natural,1,213,0.88,0
5,3,natural,1,214,1.0,0
5,3,natural,1,215,0.72,1
5,3,natural,1,216,0.64,0
5,3,natural,1,217,0.88,0
5,3,natural,1,218,1.0,0
5,3,natural,1,219,0.76,1
5,3,natural,1,220,0.72,1
5,3,natural,1,221,0.96,0
5,3,natural,1,222,0.92,0
5,3,natural,1,223,1.0,0
5,3,natural,1,224,0.72,1
5,3,natural,1,225,0.8,0
5,3,natural,1,226,0.84,0
5,3,natural,1,227,0.8,0
5,3,natural,1,228,0.6,1
5,3,natural,1,229,0.88,1
5,3,natural,1,230,1.0,0
5,3,natural,1,231,0.8,0
5,3,natural,1,232,0.88,1
5,3,natural,1,233,0.76,0
5,3,natural,1,234,0.76,1
5,3,natural,1,235,0.92,0
5,3,natural,1,236,0.96,0
5,3,natural,1,237,0.76,0
5,3,natural,1,238,0.8,1
5,3,natural,1,239,0.68,1
5,3,natural,1,240,0.88,0
5,3,natural,1,241,0.96,0
5,3,natural,1,242,0.84,0
5,3,natural,1,243,0.8,0
5,3,natural,1,244,0.84,0
5,3,natural,1,245,0.8,0
5,3,natural,1,246,0.88,0
5,3,natural,1,247,0.68,1
5,3,natural,1,248,0.92,0
5,3,natural,1,249,0.76,0
5,3,natural,1,250,0.84,0
5,3,natural,1,251,0.88,1
5,3,natural,1,252,0.92,0
5,3,natural,1,253,0.92,0
5,3,natural,1,254,0.72,0
5,3,natural,1,255,0.92,0
5,3,natural,1,256,0.8,0
5,3,natural,1,257,0.6,1
5,3,natural,1,258,0.72,1
5,3,natural,1,259,0.92,0
5,3,natural,1,260,0.88,0
5,3,natural,1,261,0.96,0
5,3,natural,1,262,0.6,0
5,3,natural,1,263,0.84,0
5,3,natural,1,264,0.76,1
5,3,natural,1,265,1.0,0
5,3,natural,1,266,0.84,0
5,3,natural,1,267,0.88,0
5,3,natural,1,268,0.88,0
5,3,natural,1,269,1.0,0
5,3,natural,1,270,1.0,0
5,3,natural,1,271,0.76,0
5,3,natural,1,272,0.72,1
5,3,natural,1,273,0.92,0
5,3,natural,1,274,0.8,1
5,3,natural,1,275,0.68,1
5,3,natural,1,276,0.88,1
5,3,natural,1,277,0.92,0
5,3,natural,1,278,0.8,1
5,3,natural,1,279,1.0,0
5,3,natural,1,280,0.88,0
5,3,natural,1,281,0.96,0
5,3,natural,1,282,0.96,0
5,3,natural,1,283,0.8,0
5,3,natural,1,284,0.92,0
5,3,natural,1,285,0.92,0
5,3,natural,1,286,0.8,0
5,3,natural,1,287,0.88,0
5,3,natural,1,288,0.84,0
5,3,natural,1,289,0.68,1
5,3,natural,1,290,0.96,0
5,3,natural,1,291,0.76,0
5,3,natural,1,292,0.76,0
5,3,natural,1,293,1.0,0
5,3,natural,1,294,0.96,0
5,3,natural,1,295,0.88,0
5,3,natural,1,296,0.84,0
5,3,natural,1,297,0.72,0
5,3,natural,1,298,0.92,0
5,3,natural,1,299,0.72,0
5,3,natural,1,300,0.96,0
5,3,natural,1,301,0.96,0
5,3,natural,1,302,0.72,1
5,3,natural,1,303,0.84,0
5,3,natural,1,304,0.96,0
5,3,natural,1,305,0.88,0
5,3,natural,1,306,1.0,0
5,3,natural,1,307,0.84,0
5,3,natural,1,308,0.84,0
5,3,natural,1,309,0.84,0
5,3,natural,1,310,0.96,0
5,3,natural,1,311,1.0,0
5,3,natural,1,312,0.84,1
5,3,natural,1,313,0.8,0
5,3,natural,1,314,1.0,0
5,3,natural,1,315,0.8,0
5,3,natural,1,316,1.0,0
5,3,natural,1,317,0.56,1
5,3,natural,1,318,0.92,0
5,3,natural,1,319,0.96,0
5,3,natural,1,320,0.92,0
5,3,natural,1,321,0.84,0
5,3,natural,1,322,0.84,0
5,3,natural,1,323,0.96,0
5,3,natural,1,324,1.0,0
5,3,natural,1,325,1.0,0
5,3,natural,1,326,0.8,0
5,3,natural,1,327,0.8,0
5,3,natural,1,328,0.8,0
5,3,natural,1,329,0.92,0
5,3,natural,1,330,0.88,0
5,3,natural,1,331,1.0,0
5,3,natural,1,332,0.92,0
5,3,natural,1,333,0.96,0
5,3,natural,1,334,0.92,0
5,3,natural,1,335,0.8,0
5,3,natural,1,336,0.88,0
5,3,natural,1,337,0.8,0
5,3,natural,1,338,0.76,0
5,3,natural,1,339,0.92,0
5,3,natural,1,340,0.96,0
5,3,natural,1,341,0.88,0
5,3,natural,1,342,0.6,1
5,3,natural,1,343,0.96,0
5,3,natural,1,344,0.8,1
5,3,natural,1,345,0.8,0
5,3,natural,1,346,0.8,0
5,3,natural,1,347,0.92,0
5,3,natural,1,348,1.0,0
5,3,natural,1,349,0.88,0
5,3,natural,1,350,0.92,0
5,3,natural,1,351,0.76,1
5,3,natural,1,352,0.8,0
5,3,natural,1,353,0.88,1
5,3,natural,1,354,0.92,0
5,3,natural,1,355,1.0,0
5,3,natural,1,356,0.8,0
5,3,natural,1,357,0.76,1
5,3,natural,1,358,0.84,0
5,3,natural,1,359,0.88,0
5,3,natural,1,360,1.0,0
5,3,natural,1,361,0.84,0
5,3,natural,1,362,0.8,0
5,3,natural,1,363,0.72,1
5,3,natural,1,364,0.88,1
5,3,natural,1,365,0.8,0
5,3,natural,1,366,0.96,0
5,3,natural,1,367,0.92,0
5,3,natural,1,368,0.76,1
5,3,natural,1,369,0.72,1
5,3,natural,1,370,0.96,0
5,3,natural,1,371,0.88,0
5,3,natural,1,372,1.0,0
5,3,natural,1,373,1.0,0
5,3,natural,1,374,1.0,0
5,3,natural,1,375,0.92,0
5,3,natural,1,376,0.64,0
5,3,natural,1,377,0.84,0
5,3,natural,1,378,0.88,0
5,3,natural,1,379,0.84,0
5,3,natural,1,380,0.88,0
5,3,natural,1,381,0.76,1
5,3,natural,1,382,0.6,1
5,3,natural,1,383,1.0,0
5,3,natural,1,384,0.88,0
5,3,natural,1,385,0.76,0
5,3,natural,1,386,0.92,0
5,3,natural,1,387,0.92,1
5,3,natural,1,388,0.76,1
5,3,natural,1,389,0.96,0
5,3,natural,1,390,0.92,0
5,3,natural,1,391,0.64,1
5,3,natural,1,392,1.0,0
5,3,natural,1,393,1.0,0
5,3,natural,1,394,0.8,0
5,3,natural,1,395,0.76,1
5,3,natural,1,396,0.84,0
5,3,natural,1,397,0.76,0
5,3,natural,1,398,0.92,0
5,3,natural,1,399,0.8,1
5,3,natural,1,400,0.8,0
5,3,natural,1,401,0.96,0
5,3,natural,1,402,0.92,0
5,3,natural,1,403,1.0,0
5,3,natural,1,404,0.92,0
5,3,natural,1,405,0.76,0
5,3,natural,1,406,0.8,0
5,3,natural,1,407,0.8,0
5,3,natural,1,408,0.96,0
5,3,natural,1,409,0.96,0
5,3,natural,1,410,0.84,0
5,3,natural,1,411,0.88,0
5,3,natural,1,412,0.72,1
5,3,natural,1,413,0.96,0
5,3,natural,1,414,0.92,0
5,3,natural,1,415,0.96,0
5,3,natural,1,416,0.8,0
5,3,natural,1,417,0.92,0
5,3,natural,1,418,0.88,0
5,3,natural,1,419,1.0,0
5,3,natural,1,420,0.96,0
5,3,natural,1,421,1.0,0
5,3,natural,1,422,0.88,0
5,3,natural,1,423,0.88,1
5,3,natural,1,424,0.92,0
5,3,natural,1,425,0.88,0
5,3,natural,1,426,0.68,1
5,3,natural,1,427,0.88,0
5,3,natural,1,428,0.84,0
5,3,natural,1,429,1.0,0
5,3,natural,1,430,0.88,0
5,3,natural,1,431,0.68,1
5,3,natural,1,432,0.84,0
5,3,natural,1,433,1.0,0
5,3,natural,1,434,0.92,0
5,3,natural,1,435,0.72,0
5,3,natural,1,436,0.88,0
5,3,natural,1,437,1.0,0
5,3,natural,1,438,0.84,1
5,3,natural,1,439,0.96,0
5,3,natural,1,440,1.0,0
5,3,natural,1,441,0.96,0
5,3,natural,1,442,0.76,0
5,3,natural,1,443,0.84,0
5,3,natural,1,444,0.84,0
5,3,natural,1,445,0.92,0
5,3,natural,1,446,0.92,0
5,3,natural,1,447,0.8,0
5,3,natural,1,448,0.8,1
5,3,natural,1,449,1.0,1
5,3,natural,1,450,0.72,1
5,3,natural,1,451,0.92,0
5,3,natural,1,452,0.88,0
5,3,natural,1,453,0.92,0
5,3,natural,1,454,0.88,1
5,3,natural,1,455,0.84,0
5,3,natural,1,456,0.96,0
5,3,natural,1,457,0.96,0
5,3,natural,1,458,1.0,0
5,3,natural,1,459,0.88,0
5,3,natural,1,460,0.8,0
5,3,natural,1,461,0.84,0
5,3,natural,1,462,0.96,0
5,3,natural,1,463,0.96,0
5,3,natural,1,464,0.88,0
5,3,natural,1,465,0.96,0
5,3,natural,1,466,0.84,0
5,3,natural,1,467,0.8,0
5,3,natural,1,468,0.68,0
5,3,natural,1,469,0.8,0
5,3,natural,1,470,0.6,0
5,3,natural,1,471,0.84,0
5,3,natural,1,472,0.92,0
5,3,natural,1,473,0.96,0
5,3,natural,1,474,0.84,1
5,3,natural,1,475,0.88,0
5,3,natural,1,476,0.6,0
5,3,natural,1,477,0.72,0
5,3,natural,1,478,0.76,0
5,3,natural,1,479,0.92,0
5,3,natural,1,480,0.88,1
5,3,natural,1,481,0.88,0
5,3,natural,1,482,0.96,0
5,3,natural,1,483,1.0,0
5,3,natural,1,484,0.92,0
5,3,natural,1,485,0.92,0
5,3,natural,1,486,0.92,0
5,3,natural,1,487,0.84,1
5,3,natural,1,488,0.8,0
5,3,natural,1,489,1.0,0
5,3,natural,1,490,0.84,0
5,3,natural,1,491,0.76,1
5,3,natural,1,492,0.88,0
5,3,natural,1,493,0.96,0
5,3,natural,1,494,0.88,0
5,3,natural,1,495,0.88,0
5,3,natural,1,496,0.92,0
5,3,natural,1,497,0.8,0
5,3,natural,1,498,0.76,0
5,3,natural,1,499,0.84,0
5,3,natural,2,0,0.96,0
5,3,natural,2,1,0.92,0
5,3,natural,2,2,0.88,0
5,3,natural,2,3,0.96,0
5,3,natural,2,4,0.92,0
5,3,natural,2,5,0.96,0
5,3,natural,2,6,0.64,1
5,3,natural,2,7,0.92,0
5,3,natural,2,8,0.84,0
5,3,natural,2,9,0.84,0
5,3,natural,2,10,0.92,0
5,3,natural,2,11,0.96,0
5,3,natural,2,12,0.84,0
5,3,natural,2,13,0.64,0
5,3,natural,2,14,0.76,0
5,3,natural,2,15,0.92,0
5,3,natural,2,16,0.96,0
5,3,natural,2,17,0.76,0
5,3,natural,2,18,0.92,0
5,3,natural,2,19,0.88,0
5,3,natural,2,20,0.92,0
5,3,natural,2,21,0.8,0
5,3,natural,2,22,0.84,0
5,3,natural,2,23,1.0,0
5,3,natural,2,24,0.76,0
5,3,natural,2,25,0.44,1
5,3,natural,2,26,0.8,1
5,3,natural,2,27,0.72,1
5,3,natural,2,28,0.92,0
5,3,natural,2,29,0.8,0
5,3,natural,2,30,1.0,0
5,3,natural,2,31,0.84,0
5,3,natural,2,32,0.68,1
5,3,natural,2,33,0.8,0
5,3,natural,2,34,0.76,1
5,3,natural,2,35,0.8,1
5,3,natural,2,36,0.76,0
5,3,natural,2,37,0.64,1
5,3,natural,2,38,0.68,1
5,3,natural,2,39,0.76,0
5,3,natural,2,40,0.96,0
5,3,natural,2,41,0.84,0
5,3,natural,2,42,0.84,0
5,3,natural,2,43,0.84,0
5,3,natural,2,44,0.8,0
5,3,natural,2,45,0.88,0
5,3,natural,2,46,1.0,0
5,3,natural,2,47,0.8,1
5,3,natural,2,48,0.88,0
5,3,natural,2,49,0.88,0
5,3,natural,2,50,0.84,1
5,3,natural,2,51,0.84,0
5,3,natural,2,52,0.76,0
5,3,natural,2,53,0.88,0
5,3,natural,2,54,0.88,0
5,3,natural,2,55,0.92,0
5,3,natural,2,56,0.88,0
5,3,natural,2,57,0.68,0
5,3,natural,2,58,0.88,1
5,3,natural,2,59,0.92,1
5,3,natural,2,60,0.84,0
5,3,natural,2,61,0.88,1
5,3,natural,2,62,1.0,0
5,3,natural,2,63,0.88,0
5,3,natural,2,64,0.72,1
5,3,natural,2,65,0.84,0
5,3,natural,2,66,0.8,0
5,3,natural,2,67,1.0,0
5,3,natural,2,68,0.92,0
5,3,natural,2,69,0.84,0
5,3,natural,2,70,0.8,1
5,3,natural,2,71,0.84,0
5,3,natural,2,72,0.88,0
5,3,natural,2,73,0.88,0
5,3,natural,2,74,0.84,0
5,3,natural,2,75,0.88,0
5,3,natural,2,76,0.92,0
5,3,natural,2,77,1.0,0
5,3,natural,2,78,0.96,0
5,3,natural,2,79,0.96,0
5,3,natural,2,80,1.0,0
5,3,natural,2,81,1.0,0
5,3,natural,2,82,0.88,0
5,3,natural,2,83,0.76,0
5,3,natural,2,84,0.92,0
5,3,natural,2,85,0.96,0
5,3,natural,2,86,0.8,0
5,3,natural,2,87,1.0,0
5,3,natural,2,88,0.72,0
5,3,natural,2,89,0.84,0
5,3,natural,2,90,1.0,0
5,3,natural,2,91,0.84,0
5,3,natural,2,92,1.0,0
5,3,natural,2,93,0.96,0
5,3,natural,2,94,0.84,0
5,3,natural,2,95,0.8,1
5,3,natural,2,96,0.96,0
5,3,natural,2,97,0.84,0
5,3,natural,2,98,0.84,0
5,3,natural,2,99,0.88,0
5,3,natural,2,100,0.88,0
5,3,natural,2,101,0.96,0
5,3,natural,2,102,0.88,0
5,3,natural,2,103,0.92,0
5,3,natural,2,104,0.92,0
5,3,natural,2,105,0.92,0
5,3,natural,2,106,1.0,0
5,3,natural,2,107,0.84,1
5,3,natural,2,108,0.96,0
5,3,natural,2,109,0.84,0
5,3,natural,2,110,0.88,0
5,3,natural,2,111,1.0,0
5,3,natural,2,112,0.92,0
5,3,natural,2,113,0.8,0
5,3,natural,2,114,1.0,0
5,3,natural,2,115,0.92,0
5,3,natural,2,116,0.96,0
5,3,natural,2,117,0.88,0
5,3,natural,2,118,0.84,0
5,3,natural,2,119,0.96,0
5,3,natural,2,120,0.88,0
5,3,natural,2,121,0.96,0
5,3,natural,2,122,0.8,1
5,3,natural,2,123,0.96,0
5,3,natural,2,124,0.8,0
5,3,natural,2,125,0.84,0
5,3,natural,2,126,0.88,0
5,3,natural,2,127,0.8,0
5,3,natural,2,128,0.92,0
5,3,natural,2,129,0.84,0
5,3,natural,2,130,0.96,0
5,3,natural,2,131,0.88,0
5,3,natural,2,132,0.96,0
5,3,natural,2,133,0.84,1
5,3,natural,2,134,0.96,0
5,3,natural,2,135,0.84,0
5,3,natural,2,136,0.8,0
5,3,natural,2,137,0.96,0
5,3,natural,2,138,0.92,0
5,3,natural,2,139,0.96,0
5,3,natural,2,140,0.96,0
5,3,natural,2,141,0.8,0
5,3,natural,2,142,0.84,1
5,3,natural,2,143,0.84,0
5,3,natural,2,144,0.76,0
5,3,natural,2,145,0.92,0
5,3,natural,2,146,0.8,0
5,3,natural,2,147,0.8,0
5,3,natural,2,148,0.8,1
5,3,natural,2,149,0.84,0
5,3,natural,2,150,0.72,0
5,3,natural,2,151,0.96,0
5,3,natural,2,152,0.96,0
5,3,natural,2,153,0.88,0
5,3,natural,2,154,0.92,0
5,3,natural,2,155,0.96,0
5,3,natural,2,156,0.76,1
5,3,natural,2,157,0.84,0
5,3,natural,2,158,0.96,0
5,3,natural,2,159,0.88,0
5,3,natural,2,160,0.76,1
5,3,natural,2,161,0.76,0
5,3,natural,2,162,0.96,0
5,3,natural,2,163,0.84,0
5,3,natural,2,164,0.8,0
5,3,natural,2,165,0.96,0
5,3,natural,2,166,0.92,1
5,3,natural,2,167,0.84,0
5,3,natural,2,168,0.84,1
5,3,natural,2,169,1.0,0
5,3,natural,2,170,0.88,0
5,3,natural,2,171,0.8,0
5,3,natural,2,172,1.0,0
5,3,natural,2,173,0.96,0
5,3,natural,2,174,0.8,1
5,3,natural,2,175,0.96,0
5,3,natural,2,176,1.0,0
5,3,natural,2,177,0.8,1
5,3,natural,2,178,0.64,0
5,3,natural,2,179,0.84,0
5,3,natural,2,180,0.96,0
5,3,natural,2,181,1.0,0
5,3,natural,2,182,0.84,1
5,3,natural,2,183,0.96,0
5,3,natural,2,184,0.76,1
5,3,natural,2,185,1.0,0
5,3,natural,2,186,0.96,0
5,3,natural,2,187,0.8,1
5,3,natural,2,188,1.0,0
5,3,natural,2,189,0.88,0
5,3,natural,2,190,0.84,1
5,3,natural,2,191,0.88,0
5,3,natural,2,192,0.8,0
5,3,natural,2,193,1.0,0
5,3,natural,2,194,0.76,0
5,3,natural,2,195,0.84,0
5,3,natural,2,196,0.96,0
5,3,natural,2,197,0.72,0
5,3,natural,2,198,0.72,1
5,3,natural,2,199,0.84,1
5,3,natural,2,200,1.0,0
5,3,natural,2,201,0.92,0
5,3,natural,2,202,0.96,0
5,3,natural,2,203,0.88,0
5,3,natural,2,204,0.84,0
5,3,natural,2,205,0.72,1
5,3,natural,2,206,0.76,0
5,3,natural,2,207,0.88,0
5,3,natural,2,208,0.8,0
5,3,natural,2,209,0.84,0
5,3,natural,2,210,0.92,0
5,3,natural,2,211,0.8,0
5,3,natural,2,212,0.84,1
5,3,natural,2,213,0.96,0
5,3,natural,2,214,0.8,1
5,3,natural,2,215,0.88,0
5,3,natural,2,216,0.96,0
5,3,natural,2,217,0.88,0
5,3,natural,2,218,0.72,0
5,3,natural,2,219,0.84,0
5,3,natural,2,220,0.96,0
5,3,natural,2,221,0.84,0
5,3,natural,2,222,0.96,0
5,3,natural,2,223,0.92,0
5,3,natural,2,224,0.84,0
5,3,natural,2,225,1.0,0
5,3,natural,2,226,1.0,0
5,3,natural,2,227,0.84,0
5,3,natural,2,228,1.0,0
5,3,natural,2,229,0.8,0
5,3,natural,2,230,0.68,1
5,3,natural,2,231,0.96,0
5,3,natural,2,232,1.0,0
5,3,natural,2,233,1.0,0
5,3,natural,2,234,0.92,1
5,3,natural,2,235,1.0,0
5,3,natural,2,236,0.84,0
5,3,natural,2,237,0.8,0
5,3,natural,2,238,0.88,0
5,3,natural,2,239,1.0,0
5,3,natural,2,240,0.84,0
5,3,natural,2,241,0.8,0
5,3,natural,2,242,0.88,0
5,3,natural,2,243,0.84,0
5,3,natural,2,244,0.76,0
5,3,natural,2,245,0.88,0
5,3,natural,2,246,0.68,1
5,3,natural,2,247,0.92,0
5,3,natural,2,248,0.96,0
5,3,natural,2,249,0.84,0
5,3,natural,2,250,0.8,0
5,3,natural,2,251,0.84,0
5,3,natural,2,252,0.72,0
5,3,natural,2,253,0.92,0
5,3,natural,2,254,0.76,0
5,3,natural,2,255,0.84,0
5,3,natural,2,256,0.84,0
5,3,natural,2,257,0.8,0
5,3,natural,2,258,0.96,0
5,3,natural,2,259,0.64,1
5,3,natural,2,260,0.96,0
5,3,natural,2,261,0.84,1
5,3,natural,2,262,0.92,0
5,3,natural,2,263,0.68,0
5,3,natural,2,264,0.72,0
5,3,natural,2,265,0.76,0
5,3,natural,2,266,0.92,0
5,3,natural,2,267,0.76,1
5,3,natural,2,268,0.96,0
5,3,natural,2,269,0.96,0
5,3,natural,2,270,0.92,0
5,3,natural,2,271,0.96,0
5,3,natural,2,272,0.8,1
5,3,natural,2,273,0.64,0
5,3,natural,2,274,0.8,1
5,3,natural,2,275,0.6,1
5,3,natural,2,276,0.92,0
5,3,natural,2,277,0.76,0
5,3,natural,2,278,0.88,0
5,3,natural,2,279,0.68,1
5,3,natural,2,280,0.8,0
5,3,natural,2,281,0.96,0
5,3,natural,2,282,0.84,0
5,3,natural,2,283,0.76,0
5,3,natural,2,284,0.88,0
5,3,natural,2,285,0.96,0
5,3,natural,2,286,0.88,1
5,3,natural,2,287,0.8,0
5,3,natural,2,288,0.84,0
5,3,natural,2,289,0.88,0
5,3,natural,2,290,0.96,0
5,3,natural,2,291,1.0,0
5,3,natural,2,292,0.96,0
5,3,natural,2,293,0.8,0
5,3,natural,2,294,0.84,0
5,3,natural,2,295,0.92,0
5,3,natural,2,296,0.96,0
5,3,natural,2,297,1.0,0
5,3,natural,2,298,0.84,0
5,3,natural,2,299,0.84,0
5,3,natural,2,300,0.84,0
5,3,natural,2,301,0.84,0
5,3,natural,2,302,0.88,0
5,3,natural,2,303,0.88,0
5,3,natural,2,304,0.92,0
5,3,natural,2,305,0.92,0
5,3,natural,2,306,0.96,0
5,3,natural,2,307,0.96,0
5,3,natural,2,308,0.8,0
5,3,natural,2,309,0.88,0
5,3,natural,2,310,1.0,0
5,3,natural,2,311,0.84,0
5,3,natural,2,312,0.84,0
5,3,natural,2,313,1.0,0
5,3,natural,2,314,0.96,0
5,3,natural,2,315,0.88,0
5,3,natural,2,316,0.8,0
5,3,natural,2,317,0.88,0
5,3,natural,2,318,0.72,0
5,3,natural,2,319,0.92,0
5,3,natural,2,320,0.68,1
5,3,natural,2,321,0.96,1
5,3,natural,2,322,0.88,0
5,3,natural,2,323,0.52,1
5,3,natural,2,324,0.92,0
5,3,natural,2,325,0.84,0
5,3,natural,2,326,0.96,0
5,3,natural,2,327,0.88,0
5,3,natural,2,328,0.92,0
5,3,natural,2,329,0.92,0
5,3,natural,2,330,0.72,0
5,3,natural,2,331,0.8,0
5,3,natural,2,332,0.8,1
5,3,natural,2,333,1.0,0
5,3,natural,2,334,0.88,0
5,3,natural,2,335,0.84,0
5,3,natural,2,336,0.76,0
5,3,natural,2,337,0.96,0
5,3,natural,2,338,1.0,0
5,3,natural,2,339,0.84,0
5,3,natural,2,340,0.92,0
5,3,natural,2,341,0.68,0
5,3,natural,2,342,0.92,0
5,3,natural,2,343,1.0,0
5,3,natural,2,344,0.8,1
5,3,natural,2,345,0.92,0
5,3,natural,2,346,1.0,0
5,3,natural,2,347,0.8,0
5,3,natural,2,348,0.92,0
5,3,natural,2,349,0.68,0
5,3,natural,2,350,0.96,0
5,3,natural,2,351,0.68,0
5,3,natural,2,352,0.92,0
5,3,natural,2,353,0.88,0
5,3,natural,2,354,0.88,1
5,3,natural,2,355,0.92,0
5,3,natural,2,356,0.76,1
5,3,natural,2,357,0.96,0
5,3,natural,2,358,0.88,0
5,3,natural,2,359,0.84,0
5,3,natural,2,360,0.76,0
5,3,natural,2,361,0.72,0
5,3,natural,2,362,0.92,0
5,3,natural,2,363,0.92,0
5,3,natural,2,364,1.0,0
5,3,natural,2,365,1.0,0
5,3,natural,2,366,1.0,0
5,3,natural,2,367,1.0,0
5,3,natural,2,368,0.92,0
5,3,natural,2,369,0.84,0
5,3,natural,2,370,1.0,0
5,3,natural,2,371,0.8,1
5,3,natural,2,372,0.6,1
5,3,natural,2,373,0.88,0
5,3,natural,2,374,0.84,0
5,3,natural,2,375,0.92,0
5,3,natural,2,376,0.88,0
5,3,natural,2,377,1.0,0
5,3,natural,2,378,0.8,0
5,3,natural,2,379,0.72,0
5,3,natural,2,380,0.84,0
5,3,natural,2,381,0.64,0
5,3,natural,2,382,0.52,1
5,3,natural,2,383,1.0,0
5,3,natural,2,384,0.96,0
5,3,natural,2,385,0.92,0
5,3,natural,2,386,0.88,0
5,3,natural,2,387,0.92,0
5,3,natural,2,388,0.76,0
5,3,natural,2,389,0.96,0
5,3,natural,2,390,0.92,0
5,3,natural,2,391,0.88,0
5,3,natural,2,392,0.84,0
5,3,natural,2,393,0.8,0
5,3,natural,2,394,0.84,0
5,3,natural,2,395,0.88,1
5,3,natural,2,396,0.92,0
5,3,natural,2,397,0.92,0
5,3,natural,2,398,1.0,0
5,3,natural,2,399,0.56,1
5,3,natural,2,400,0.92,0
5,3,natural,2,401,0.96,0
5,3,natural,2,402,0.8,0
5,3,natural,2,403,0.8,1
5,3,natural,2,404,1.0,0
5,3,natural,2,405,0.8,0
5,3,natural,2,406,0.6,0
5,3,natural,2,407,0.8,0
5,3,natural,2,408,0.88,1
5,3,natural,2,409,0.84,1
5,3,natural,2,410,0.76,0
5,3,natural,2,411,1.0,0
5,3,natural,2,412,0.96,0
5,3,natural,2,413,0.92,0
5,3,natural,2,414,0.96,0
5,3,natural,2,415,0.96,0
5,3,natural,2,416,0.84,0
5,3,natural,2,417,0.76,0
5,3,natural,2,418,0.92,0
5,3,natural,2,419,0.8,0
5,3,natural,2,420,1.0,0
5,3,natural,2,421,0.8,0
5,3,natural,2,422,0.76,1
5,3,natural,2,423,0.76,0
5,3,natural,2,424,0.96,0
5,3,natural,2,425,1.0,0
5,3,natural,2,426,0.88,0
5,3,natural,2,427,0.88,0
5,3,natural,2,428,0.72,1
5,3,natural,2,429,0.72,1
5,3,natural,2,430,0.72,0
5,3,natural,2,431,0.8,0
5,3,natural,2,432,1.0,0
5,3,natural,2,433,1.0,0
5,3,natural,2,434,0.88,0
5,3,natural,2,435,0.76,1
5,3,natural,2,436,0.8,0
5,3,natural,2,437,0.68,1
5,3,natural,2,438,0.92,0
5,3,natural,2,439,1.0,0
5,3,natural,2,440,0.96,0
5,3,natural,2,441,1.0,0
5,3,natural,2,442,0.92,0
5,3,natural,2,443,0.6,1
5,3,natural,2,444,0.6,1
5,3,natural,2,445,0.92,0
5,3,natural,2,446,1.0,0
5,3,natural,2,447,0.84,0
5,3,natural,2,448,0.8,0
5,3,natural,2,449,0.8,0
5,3,natural,2,450,1.0,0
5,3,natural,2,451,0.84,0
5,3,natural,2,452,0.96,0
5,3,natural,2,453,0.84,0
5,3,natural,2,454,0.72,0
5,3,natural,2,455,1.0,0
5,3,natural,2,456,0.96,0
5,3,natural,2,457,0.96,0
5,3,natural,2,458,0.88,1
5,3,natural,2,459,0.88,0
5,3,natural,2,460,0.76,0
5,3,natural,2,461,0.84,0
5,3,natural,2,462,1.0,0
5,3,natural,2,463,0.84,1
5,3,natural,2,464,0.8,0
5,3,natural,2,465,0.92,0
5,3,natural,2,466,0.84,0
5,3,natural,2,467,0.92,0
5,3,natural,2,468,0.84,0
5,3,natural,2,469,0.88,0
5,3,natural,2,470,0.92,0
5,3,natural,2,471,0.8,1
5,3,natural,2,472,0.72,1
5,3,natural,2,473,0.8,0
5,3,natural,2,474,0.88,0
5,3,natural,2,475,1.0,0
5,3,natural,2,476,0.92,0
5,3,natural,2,477,0.88,0
5,3,natural,2,478,0.88,0
5,3,natural,2,479,0.72,0
5,3,natural,2,480,0.92,0
5,3,natural,2,481,0.92,0
5,3,natural,2,482,0.92,0
5,3,natural,2,483,0.96,0
5,3,natural,2,484,0.88,1
5,3,natural,2,485,0.72,0
5,3,natural,2,486,0.88,0
5,3,natural,2,487,0.92,1
5,3,natural,2,488,0.84,0
5,3,natural,2,489,0.84,1
5,3,natural,2,490,1.0,0
5,3,natural,2,491,0.92,0
5,3,natural,2,492,0.92,0
5,3,natural,2,493,0.88,0
5,3,natural,2,494,1.0,0
5,3,natural,2,495,0.88,0
5,3,natural,2,496,0.76,0
5,3,natural,2,497,0.88,0
5,3,natural,2,498,1.0,0
5,3,natural,2,499,0.72,1
5,3,natural,3,0,0.88,0
5,3,natural,3,1,0.8,0
5,3,natural,3,2,0.72,0
5,3,natural,3,3,1.0,0
5,3,natural,3,4,0.92,0
5,3,natural,3,5,0.92,0
5,3,natural,3,6,1.0,0
5,3,natural,3,7,0.96,0
5,3,natural,3,8,0.76,0
5,3,natural,3,9,0.84,0
5,3,natural,3,10,0.88,0
5,3,natural,3,11,0.68,0
5,3,natural,3,12,0.88,0
5,3,natural,3,13,0.84,0
5,3,natural,3,14,0.96,0
5,3,natural,3,15,1.0,0
5,3,natural,3,16,0.88,1
5,3,natural,3,17,0.96,1
5,3,natural,3,18,0.76,0
5,3,natural,3,19,0.6,1
5,3,natural,3,20,0.8,0
5,3,natural,3,21,0.92,0
5,3,natural,3,22,0.92,0
5,3,natural,3,23,0.84,0
5,3,natural,3,24,0.48,1
5,3,natural,3,25,0.84,0
5,3,natural,3,26,0.92,0
5,3,natural,3,27,0.96,0
5,3,natural,3,28,0.84,0
5,3,natural,3,29,0.68,0
5,3,natural,3,30,0.64,1
5,3,natural,3,31,0.52,0
5,3,natural,3,32,1.0,0
5,3,natural,3,33,1.0,0
5,3,natural,3,34,0.88,0
5,3,natural,3,35,0.92,0
5,3,natural,3,36,0.88,0
5,3,natural,3,37,0.84,0
5,3,natural,3,38,0.68,1
5,3,natural,3,39,0.84,0
5,3,natural,3,40,1.0,0
5,3,natural,3,41,0.92,0
5,3,natural,3,42,0.92,0
5,3,natural,3,43,0.96,0
5,3,natural,3,44,1.0,0
5,3,natural,3,45,0.84,1
5,3,natural,3,46,0.84,1
5,3,natural,3,47,1.0,0
5,3,natural,3,48,0.96,0
5,3,natural,3,49,0.68,1
5,3,natural,3,50,0.84,0
5,3,natural,3,51,0.88,1
5,3,natural,3,52,0.92,0
5,3,natural,3,53,1.0,0
5,3,natural,3,54,0.8,0
5,3,natural,3,55,0.92,0
5,3,natural,3,56,0.84,0
5,3,natural,3,57,0.96,0
5,3,natural,3,58,0.84,0
5,3,natural,3,59,0.92,0
5,3,natural,3,60,0.88,1
5,3,natural,3,61,0.96,0
5,3,natural,3,62,0.84,0
5,3,natural,3,63,0.84,1
5,3,natural,3,64,1.0,0
5,3,natural,3,65,0.96,0
5,3,natural,3,66,0.96,0
5,3,natural,3,67,0.72,1
5,3,natural,3,68,0.92,0
5,3,natural,3,69,0.84,0
5,3,natural,3,70,0.8,0
5,3,natural,3,71,0.96,0
5,3,natural,3,72,0.88,0
5,3,natural,3,73,0.76,1
5,3,natural,3,74,1.0,0
5,3,natural,3,75,0.76,1
5,3,natural,3,76,0.76,1
5,3,natural,3,77,0.88,0
5,3,natural,3,78,0.64,1
5,3,natural,3,79,0.92,0
5,3,natural,3,80,0.92,1
5,3,natural,3,81,0.88,0
5,3,natural,3,82,0.8,0
5,3,natural,3,83,0.76,1
5,3,natural,3,84,0.84,0
5,3,natural,3,85,0.68,0
5,3,natural,3,86,1.0,0
5,3,natural,3,87,0.8,0
5,3,natural,3,88,0.96,0
5,3,natural,3,89,0.64,1
5,3,natural,3,90,1.0,0
5,3,natural,3,91,0.88,0
5,3,natural,3,92,0.92,0
5,3,natural,3,93,0.72,0
5,3,natural,3,94,0.72,1
5,3,natural,3,95,0.84,0
5,3,natural,3,96,1.0,0
5,3,natural,3,97,0.72,1
5,3,natural,3,98,0.84,1
5,3,natural,3,99,0.88,0
5,3,natural,3,100,0.84,0
5,3,natural,3,101,0.8,0
5,3,natural,3,102,0.68,0
5,3,natural,3,103,0.92,0
5,3,natural,3,104,0.84,0
5,3,natural,3,105,0.92,0
5,3,natural,3,106,0.84,1
5,3,natural,3,107,0.92,0
5,3,natural,3,108,0.72,0
5,3,natural,3,109,0.88,1
5,3,natural,3,110,0.92,0
5,3,natural,3,111,1.0,0
5,3,natural,3,112,0.8,0
5,3,natural,3,113,0.68,0
5,3,natural,3,114,0.84,0
5,3,natural,3,115,0.76,0
5,3,natural,3,116,1.0,0
5,3,natural,3,117,0.92,0
5,3,natural,3,118,0.8,0
5,3,natural,3,119,0.76,0
5,3,natural,3,120,0.88,0
5,3,natural,3,121,0.84,0
5,3,natural,3,122,0.88,0
5,3,natural,3,123,0.8,0
5,3,natural,3,124,0.76,0
5,3,natural,3,125,0.96,0
5,3,natural,3,126,0.92,0
5,3,natural,3,127,0.76,1
5,3,natural,3,128,0.96,0
5,3,natural,3,129,0.64,1
5,3,natural,3,130,0.96,0
5,3,natural,3,131,1.0,0
5,3,natural,3,132,0.84,0
5,3,natural,3,133,0.8,0
5,3,natural,3,134,0.96,0
5,3,natural,3,135,0.68,1
5,3,natural,3,136,0.64,1
5,3,natural,3,137,0.88,1
5,3,natural,3,138,0.96,0
5,3,natural,3,139,0.88,0
5,3,natural,3,140,0.72,0
5,3,natural,3,141,0.8,0
5,3,natural,3,142,1.0,0
5,3,natural,3,143,0.84,1
5,3,natural,3,144,0.92,0
5,3,natural,3,145,0.96,0
5,3,natural,3,146,0.76,0
5,3,natural,3,147,0.88,0
5,3,natural,3,148,0.92,0
5,3,natural,3,149,0.84,0
5,3,natural,3,150,0.68,0
5,3,natural,3,151,1.0,0
5,3,natural,3,152,0.76,0
5,3,natural,3,153,0.8,0
5,3,natural,3,154,1.0,0
5,3,natural,3,155,1.0,0
5,3,natural,3,156,0.88,0
5,3,natural,3,157,0.88,0
5,3,natural,3,158,0.88,0
5,3,natural,3,159,0.96,0
5,3,natural,3,160,0.68,1
5,3,natural,3,161,0.92,0
5,3,natural,3,162,0.76,1
5,3,natural,3,163,0.84,1
5,3,natural,3,164,0.88,1
5,3,natural,3,165,0.88,0
5,3,natural,3,166,0.92,0
5,3,natural,3,167,0.6,0
5,3,natural,3,168,0.84,0
5,3,natural,3,169,0.84,1
5,3,natural,3,170,0.96,1
5,3,natural,3,171,0.96,0
5,3,natural,3,172,0.88,0
5,3,natural,3,173,0.8,0
5,3,natural,3,174,0.72,0
5,3,natural,3,175,0.84,0
5,3,natural,3,176,0.64,0
5,3,natural,3,177,0.92,0
5,3,natural,3,178,0.88,0
5,3,natural,3,179,0.8,0
5,3,natural,3,180,0.92,0
5,3,natural,3,181,0.8,0
5,3,natural,3,182,0.92,0
5,3,natural,3,183,0.88,0
5,3,natural,3,184,0.8,0
5,3,natural,3,185,1.0,0
5,3,natural,3,186,0.92,0
5,3,natural,3,187,0.84,0
5,3,natural,3,188,0.76,0
5,3,natural,3,189,0.96,0
5,3,natural,3,190,0.88,0
5,3,natural,3,191,0.88,0
5,3,natural,3,192,0.84,0
5,3,natural,3,193,0.88,0
5,3,natural,3,194,0.64,0
5,3,natural,3,195,0.76,0
5,3,natural,3,196,0.84,0
5,3,natural,3,197,0.72,0
5,3,natural,3,198,0.92,0
5,3,natural,3,199,0.96,0
5,3,natural,3,200,0.88,0
5,3,natural,3,201,0.96,0
5,3,natural,3,202,0.64,1
5,3,natural,3,203,0.88,0
5,3,natural,3,204,1.0,0
5,3,natural,3,205,0.92,0
5,3,natural,3,206,1.0,0
5,3,natural,3,207,0.84,1
5,3,natural,3,208,0.96,0
5,3,natural,3,209,0.8,0
5,3,natural,3,210,0.76,0
5,3,natural,3,211,0.84,0
5,3,natural,3,212,0.84,0
5,3,natural,3,213,0.84,1
5,3,natural,3,214,0.96,0
5,3,natural,3,215,0.8,0
5,3,natural,3,216,0.76,0
5,3,natural,3,217,0.72,1
5,3,natural,3,218,0.92,0
5,3,natural,3,219,0.88,0
5,3,natural,3,220,0.84,1
5,3,natural,3,221,0.8,1
5,3,natural,3,222,0.8,0
5,3,natural,3,223,0.76,0
5,3,natural,3,224,0.84,1
5,3,natural,3,225,0.64,1
5,3,natural,3,226,0.8,0
5,3,natural,3,227,1.0,0
5,3,natural,3,228,0.88,0
5,3,natural,3,229,1.0,0
5,3,natural,3,230,0.92,0
5,3,natural,3,231,0.88,0
5,3,natural,3,232,1.0,0
5,3,natural,3,233,0.92,0
5,3,natural,3,234,0.84,0
5,3,natural,3,235,0.92,1
5,3,natural,3,236,0.76,0
5,3,natural,3,237,0.68,0
5,3,natural,3,238,0.92,0
5,3,natural,3,239,0.8,0
5,3,natural,3,240,0.96,0
5,3,natural,3,241,0.96,0
5,3,natural,3,242,0.76,0
5,3,natural,3,243,0.6,1
5,3,natural,3,244,0.8,0
5,3,natural,3,245,0.84,0
5,3,natural,3,246,1.0,0
5,3,natural,3,247,1.0,0
5,3,natural,3,248,0.92,0
5,3,natural,3,249,1.0,0
5,3,natural,3,250,0.96,0
5,3,natural,3,251,0.88,0
5,3,natural,3,252,0.88,0
5,3,natural,3,253,0.92,0
5,3,natural,3,254,0.76,0
5,3,natural,3,255,0.88,0
5,3,natural,3,256,0.92,0
5,3,natural,3,257,0.96,0
5,3,natural,3,258,0.88,0
5,3,natural,3,259,1.0,0
5,3,natural,3,260,0.96,0
5,3,natural,3,261,0.96,0
5,3,natural,3,262,0.88,0
5,3,natural,3,263,0.8,0
5,3,natural,3,264,0.76,1
5,3,natural,3,265,0.96,0
5,3,natural,3,266,0.72,0
5,3,natural,3,267,0.96,0
5,3,natural,3,268,0.68,0
5,3,natural,3,269,0.84,0
5,3,natural,3,270,0.88,0
5,3,natural,3,271,0.72,1
5,3,natural,3,272,0.8,1
5,3,natural,3,273,0.96,0
5,3,natural,3,274,0.8,0
5,3,natural,3,275,1.0,0
5,3,natural,3,276,0.92,0
5,3,natural,3,277,0.84,0
5,3,natural,3,278,1.0,0
5,3,natural,3,279,0.64,0
5,3,natural,3,280,0.72,0
5,3,natural,3,281,0.8,0
5,3,natural,3,282,0.76,1
5,3,natural,3,283,0.72,0
5,3,natural,3,284,0.88,0
5,3,natural,3,285,0.8,0
5,3,natural,3,286,0.84,0
5,3,natural,3,287,0.8,0
5,3,natural,3,288,0.76,0
5,3,natural,3,289,0.8,1
5,3,natural,3,290,0.92,0
5,3,natural,3,291,0.76,0
5,3,natural,3,292,0.92,0
5,3,natural,3,293,0.96,0
5,3,natural,3,294,0.84,0
5,3,natural,3,295,0.84,0
5,3,natural,3,296,0.84,0
5,3,natural,3,297,0.92,0
5,3,natural,3,298,0.96,0
5,3,natural,3,299,0.92,0
5,3,natural,3,300,0.88,0
5,3,natural,3,301,0.96,0
5,3,natural,3,302,0.84,0
5,3,natural,3,303,0.84,0
5,3,natural,3,304,0.84,0
5,3,natural,3,305,0.88,0
5,3,natural,3,306,0.6,0
5,3,natural,3,307,0.92,0
5,3,natural,3,308,0.88,0
5,3,natural,3,309,1.0,0
5,3,natural,3,310,0.88,0
5,3,natural,3,311,0.96,0
5,3,natural,3,312,0.8,0
5,3,natural,3,313,0.84,0
5,3,natural,3,314,0.72,1
5,3,natural,3,315,0.8,1
5,3,natural,3,316,1.0,0
5,3,natural,3,317,0.76,1
5,3,natural,3,318,0.92,0
5,3,natural,3,319,0.92,0
5,3,natural,3,320,0.92,0
5,3,natural,3,321,0.96,0
5,3,natural,3,322,0.72,1
5,3,natural,3,323,1.0,0
5,3,natural,3,324,0.92,0
5,3,natural,3,325,0.96,0
5,3,natural,3,326,0.92,0
5,3,natural,3,327,0.8,1
5,3,natural,3,328,0.84,0
5,3,natural,3,329,1.0,0
5,3,natural,3,330,0.84,0
5,3,natural,3,331,0.76,0
5,3,natural,3,332,0.8,1
5,3,natural,3,333,0.92,0
5,3,natural,3,334,0.92,0
5,3,natural,3,335,0.92,1
5,3,natural,3,336,0.76,0
5,3,natural,3,337,0.92,0
5,3,natural,3,338,0.92,0
5,3,natural,3,339,0.88,0
5,3,natural,3,340,0.96,0
5,3,natural,3,341,0.64,1
5,3,natural,3,342,1.0,0
5,3,natural,3,343,0.84,1
5,3,natural,3,344,0.84,1
5,3,natural,3,345,0.92,0
5,3,natural,3,346,0.8,0
5,3,natural,3,347,0.8,1
5,3,natural,3,348,0.92,0
5,3,natural,3,349,0.92,0
5,3,natural,3,350,0.92,0
5,3,natural,3,351,0.88,0
5,3,natural,3,352,1.0,0
5,3,natural,3,353,0.96,0
5,3,natural,3,354,0.92,0
5,3,natural,3,355,0.88,0
5,3,natural,3,356,0.96,0
5,3,natural,3,357,0.92,0
5,3,natural,3,358,0.92,0
5,3,natural,3,359,0.84,0
5,3,natural,3,360,0.68,1
5,3,natural,3,361,1.0,0
5,3,natural,3,362,0.72,1
5,3,natural,3,363,0.8,0
5,3,natural,3,364,0.84,1
5,3,natural,3,365,0.84,0
5,3,natural,3,366,0.92,0
5,3,natural,3,367,0.92,0
5,3,natural,3,368,1.0,0
5,3,natural,3,369,1.0,0
5,3,natural,3,370,0.76,0
5,3,natural,3,371,0.84,1
5,3,natural,3,372,0.76,0
5,3,natural,3,373,0.8,0
5,3,natural,3,374,1.0,0
5,3,natural,3,375,0.8,1
5,3,natural,3,376,0.84,0
5,3,natural,3,377,1.0,0
5,3,natural,3,378,0.92,0
5,3,natural,3,379,1.0,0
5,3,natural,3,380,0.92,0
5,3,natural,3,381,0.8,0
5,3,natural,3,382,0.92,0
5,3,natural,3,383,0.76,0
5,3,natural,3,384,0.92,0
5,3,natural,3,385,0.92,0
5,3,natural,3,386,0.92,0
5,3,natural,3,387,0.92,0
5,3,natural,3,388,0.72,1
5,3,natural,3,389,0.88,0
5,3,natural,3,390,0.76,1
5,3,natural,3,391,0.88,0
5,3,natural,3,392,0.88,0
5,3,natural,3,393,0.88,0
5,3,natural,3,394,0.84,0
5,3,natural,3,395,1.0,0
5,3,natural,3,396,0.72,0
5,3,natural,3,397,0.88,0
5,3,natural,3,398,0.92,0
5,3,natural,3,399,0.8,0
5,3,natural,3,400,0.8,0
5,3,natural,3,401,0.68,1
5,3,natural,3,402,0.72,0
5,3,natural,3,403,0.84,0
5,3,natural,3,404,1.0,0
5,3,natural,3,405,0.92,0
5,3,natural,3,406,0.96,0
5,3,natural,3,407,1.0,0
5,3,natural,3,408,0.96,0
5,3,natural,3,409,0.8,0
5,3,natural,3,410,0.96,0
5,3,natural,3,411,0.92,0
5,3,natural,3,412,0.8,0
5,3,natural,3,413,0.8,1
5,3,natural,3,414,0.72,1
5,3,natural,3,415,1.0,0
5,3,natural,3,416,1.0,0
5,3,natural,3,417,0.92,0
5,3,natural,3,418,0.96,0
5,3,natural,3,419,1.0,0
5,3,natural,3,420,0.76,1
5,3,natural,3,421,0.8,0
5,3,natural,3,422,1.0,0
5,3,natural,3,423,0.92,0
5,3,natural,3,424,0.96,0
5,3,natural,3,425,0.76,0
5,3,natural,3,426,0.8,0
5,3,natural,3,427,0.68,1
5,3,natural,3,428,0.84,0
5,3,natural,3,429,0.8,1
5,3,natural,3,430,0.48,1
5,3,natural,3,431,0.72,1
5,3,natural,3,432,0.92,0
5,3,natural,3,433,0.8,0
5,3,natural,3,434,1.0,0
5,3,natural,3,435,0.88,0
5,3,natural,3,436,0.88,0
5,3,natural,3,437,0.84,0
5,3,natural,3,438,0.8,0
5,3,natural,3,439,0.88,0
5,3,natural,3,440,0.84,1
5,3,natural,3,441,0.72,0
5,3,natural,3,442,0.92,1
5,3,natural,3,443,0.96,0
5,3,natural,3,444,0.88,0
5,3,natural,3,445,0.88,0
5,3,natural,3,446,0.96,0
5,3,natural,3,447,0.96,0
5,3,natural,3,448,0.84,1
5,3,natural,3,449,0.76,0
5,3,natural,3,450,0.8,0
5,3,natural,3,451,0.8,0
5,3,natural,3,452,0.88,0
5,3,natural,3,453,0.84,0
5,3,natural,3,454,0.92,0
5,3,natural,3,455,0.84,0
5,3,natural,3,456,1.0,0
5,3,natural,3,457,0.64,0
5,3,natural,3,458,0.8,1
5,3,natural,3,459,0.96,0
5,3,natural,3,460,0.88,0
5,3,natural,3,461,0.8,0
5,3,natural,3,462,0.96,0
5,3,natural,3,463,0.8,0
5,3,natural,3,464,0.96,0
5,3,natural,3,465,0.8,0
5,3,natural,3,466,1.0,0
5,3,natural,3,467,0.6,1
5,3,natural,3,468,0.8,0
5,3,natural,3,469,0.92,0
5,3,natural,3,470,1.0,0
5,3,natural,3,471,0.84,0
5,3,natural,3,472,0.84,0
5,3,natural,3,473,0.96,0
5,3,natural,3,474,0.8,1
5,3,natural,3,475,0.92,0
5,3,natural,3,476,0.96,0
5,3,natural,3,477,0.92,0
5,3,natural,3,478,0.84,0
5,3,natural,3,479,0.96,0
5,3,natural,3,480,0.96,0
5,3,natural,3,481,0.96,0
5,3,natural,3,482,0.92,0
5,3,natural,3,483,0.6,0
5,3,natural,3,484,0.8,0
5,3,natural,3,485,0.8,0
5,3,natural,3,486,0.88,1
5,3,natural,3,487,0.92,0
5,3,natural,3,488,0.76,1
5,3,natural,3,489,0.8,0
5,3,natural,3,490,0.96,0
5,3,natural,3,491,0.96,0
5,3,natural,3,492,0.88,0
5,3,natural,3,493,0.76,0
5,3,natural,3,494,0.96,0
5,3,natural,3,495,1.0,0
5,3,natural,3,496,0.76,0
5,3,natural,3,497,0.92,1
5,3,natural,3,498,0.88,0
5,3,natural,3,499,0.64,1
5,3,natural,4,0,0.84,0
5,3,natural,4,1,0.8,0
5,3,natural,4,2,0.88,0
5,3,natural,4,3,0.76,1
5,3,natural,4,4,1.0,0
5,3,natural,4,5,0.76,0
5,3,natural,4,6,0.84,0
5,3,natural,4,7,1.0,0
5,3,natural,4,8,0.72,0
5,3,natural,4,9,0.92,0
5,3,natural,4,10,0.96,0
5,3,natural,4,11,0.64,0
5,3,natural,4,12,0.92,1
5,3,natural,4,13,0.96,0
5,3,natural,4,14,0.8,1
5,3,natural,4,15,0.88,0
5,3,natural,4,16,0.8,1
5,3,natural,4,17,0.56,0
5,3,natural,4,18,0.92,0
5,3,natural,4,19,0.72,0
5,3,natural,4,20,0.8,0
5,3,natural,4,21,0.96,0
5,3,natural,4,22,0.84,0
5,3,natural,4,23,0.72,0
5,3,natural,4,24,0.76,0
5,3,natural,4,25,0.96,0
5,3,natural,4,26,0.96,0
5,3,natural,4,27,0.76,0
5,3,natural,4,28,0.84,0
5,3,natural,4,29,0.8,0
5,3,natural,4,30,0.88,0
5,3,natural,4,31,0.8,0
5,3,natural,4,32,0.92,0
5,3,natural,4,33,0.76,1
5,3,natural,4,34,0.96,0
5,3,natural,4,35,0.84,0
5,3,natural,4,36,0.96,1
5,3,natural,4,37,0.92,0
5,3,natural,4,38,1.0,0
5,3,natural,4,39,0.88,0
5,3,natural,4,40,0.92,0
5,3,natural,4,41,0.84,0
5,3,natural,4,42,0.92,0
5,3,natural,4,43,0.84,0
5,3,natural,4,44,0.92,0
5,3,natural,4,45,0.92,0
5,3,natural,4,46,0.8,0
5,3,natural,4,47,0.84,0
5,3,natural,4,48,0.76,0
5,3,natural,4,49,0.84,1
5,3,natural,4,50,0.96,0
5,3,natural,4,51,0.92,0
5,3,natural,4,52,0.88,0
5,3,natural,4,53,0.84,0
5,3,natural,4,54,0.84,0
5,3,natural,4,55,0.88,0
5,3,natural,4,56,0.88,0
5,3,natural,4,57,0.92,0
5,3,natural,4,58,1.0,0
5,3,natural,4,59,0.76,0
5,3,natural,4,60,0.96,0
5,3,natural,4,61,1.0,0
5,3,natural,4,62,0.76,0
5,3,natural,4,63,0.84,0
5,3,natural,4,64,0.84,0
5,3,natural,4,65,0.92,0
5,3,natural,4,66,0.68,1
5,3,natural,4,67,0.64,1
5,3,natural,4,68,0.96,0
5,3,natural,4,69,0.72,1
5,3,natural,4,70,0.96,0
5,3,natural,4,71,0.8,1
5,3,natural,4,72,0.84,0
5,3,natural,4,73,0.72,1
5,3,natural,4,74,0.8,1
5,3,natural,4,75,0.96,0
5,3,natural,4,76,0.72,0
5,3,natural,4,77,0.84,1
5,3,natural,4,78,0.92,0
5,3,natural,4,79,0.72,1
5,3,natural,4,80,0.76,0
5,3,natural,4,81,0.88,0
5,3,natural,4,82,0.76,1
5,3,natural,4,83,0.92,0
5,3,natural,4,84,0.76,0
5,3,natural,4,85,0.88,0
5,3,natural,4,86,0.92,0
5,3,natural,4,87,0.96,0
5,3,natural,4,88,0.72,1
5,3,natural,4,89,0.88,0
5,3,natural,4,90,1.0,0
5,3,natural,4,91,0.72,0
5,3,natural,4,92,1.0,0
5,3,natural,4,93,0.84,0
5,3,natural,4,94,0.88,0
5,3,natural,4,95,0.96,0
5,3,natural,4,96,1.0,0
5,3,natural,4,97,0.6,1
5,3,natural,4,98,0.56,1
5,3,natural,4,99,0.88,0
5,3,natural,4,100,0.96,0
5,3,natural,4,101,0.88,1
5,3,natural,4,102,0.88,0
5,3,natural,4,103,0.88,0
5,3,natural,4,104,0.92,1
5,3,natural,4,105,0.8,0
5,3,natural,4,106,0.76,0
5,3,natural,4,107,1.0,0
5,3,natural,4,108,0.8,0
5,3,natural,4,109,0.92,0
5,3,natural,4,110,0.68,0
5,3,natural,4,111,0.88,0
5,3,natural,4,112,0.92,0
5,3,natural,4,113,0.96,0
5,3,natural,4,114,0.84,0
5,3,natural,4,115,0.76,1
5,3,natural,4,116,0.72,1
5,3,natural,4,117,0.88,0
5,3,natural,4,118,0.76,0
5,3,natural,4,119,0.6,0
5,3,natural,4,120,0.72,0
5,3,natural,4,121,0.96,0
5,3,natural,4,122,0.84,1
5,3,natural,4,123,0.96,0
5,3,natural,4,124,0.76,1
5,3,natural,4,125,0.52,1
5,3,natural,4,126,1.0,0
5,3,natural,4,127,0.96,0
5,3,natural,4,128,0.76,0
5,3,natural,4,129,0.96,0
5,3,natural,4,130,0.92,0
5,3,natural,4,131,0.92,0
5,3,natural,4,132,0.96,0
5,3,natural,4,133,0.64,0
5,3,natural,4,134,0.96,0
5,3,natural,4,135,0.92,0
5,3,natural,4,136,0.84,0
5,3,natural,4,137,0.8,1
5,3,natural,4,138,0.8,0
5,3,natural,4,139,0.88,0
5,3,natural,4,140,0.84,0
5,3,natural,4,141,0.88,0
5,3,natural,4,142,0.84,0
5,3,natural,4,143,0.96,0
5,3,natural,4,144,0.76,1
5,3,natural,4,145,0.84,1
5,3,natural,4,146,0.88,0
5,3,natural,4,147,0.88,0
5,3,natural,4,148,0.72,1
5,3,natural,4,149,0.92,0
5,3,natural,4,150,0.84,1
5,3,natural,4,151,0.96,0
5,3,natural,4,152,0.8,1
5,3,natural,4,153,0.84,0
5,3,natural,4,154,0.8,0
5,3,natural,4,155,0.96,0
5,3,natural,4,156,0.68,0
5,3,natural,4,157,0.96,0
5,3,natural,4,158,0.64,0
5,3,natural,4,159,0.8,0
5,3,natural,4,160,0.84,0
5,3,natural,4,161,0.76,1
5,3,natural,4,162,0.84,0
5,3,natural,4,163,0.84,0
5,3,natural,4,164,0.84,0
5,3,natural,4,165,0.92,0
5,3,natural,4,166,0.8,0
5,3,natural,4,167,0.84,0
5,3,natural,4,168,0.8,0
5,3,natural,4,169,0.76,0
5,3,natural,4,170,0.96,0
5,3,natural,4,171,0.84,0
5,3,natural,4,172,0.96,0
5,3,natural,4,173,0.64,1
5,3,natural,4,174,0.88,0
5,3,natural,4,175,0.92,0
5,3,natural,4,176,0.72,0
5,3,natural,4,177,0.8,0
5,3,natural,4,178,0.8,0
5,3,natural,4,179,0.88,1
5,3,natural,4,180,0.92,0
5,3,natural,4,181,0.88,0
5,3,natural,4,182,0.72,0
5,3,natural,4,183,0.96,0
5,3,natural,4,184,0.92,0
5,3,natural,4,185,0.84,0
5,3,natural,4,186,0.52,1
5,3,natural,4,187,0.84,1
5,3,natural,4,188,0.76,1
5,3,natural,4,189,1.0,0
5,3,natural,4,190,0.92,0
5,3,natural,4,191,0.72,0
5,3,natural,4,192,0.6,0
5,3,natural,4,193,0.84,0
5,3,natural,4,194,0.8,1
5,3,natural,4,195,1.0,0
5,3,natural,4,196,0.96,0
5,3,natural,4,197,0.88,0
5,3,natural,4,198,0.84,0
5,3,natural,4,199,0.84,0
5,3,natural,4,200,0.88,0
5,3,natural,4,201,0.72,0
5,3,natural,4,202,0.68,1
5,3,natural,4,203,0.88,0
5,3,natural,4,204,0.64,1
5,3,natural,4,205,1.0,0
5,3,natural,4,206,0.8,1
5,3,natural,4,207,1.0,0
5,3,natural,4,208,0.84,0
5,3,natural,4,209,0.92,0
5,3,natural,4,210,1.0,0
5,3,natural,4,211,0.92,0
5,3,natural,4,212,0.84,0
5,3,natural,4,213,0.84,0
5,3,natural,4,214,0.68,1
5,3,natural,4,215,0.72,1
5,3,natural,4,216,0.8,0
5,3,natural,4,217,0.92,0
5,3,natural,4,218,0.84,0
5,3,natural,4,219,0.84,0
5,3,natural,4,220,0.92,0
5,3,natural,4,221,0.88,0
5,3,natural,4,222,0.84,0
5,3,natural,4,223,0.84,0
5,3,natural,4,224,1.0,0
5,3,natural,4,225,0.84,0
5,3,natural,4,226,0.92,0
5,3,natural,4,227,1.0,0
5,3,natural,4,228,0.84,1
5,3,natural,4,229,0.96,0
5,3,natural,4,230,0.72,1
5,3,natural,4,231,0.96,0
5,3,natural,4,232,0.72,0
5,3,natural,4,233,0.88,0
5,3,natural,4,234,0.84,1
5,3,natural,4,235,0.88,0
5,3,natural,4,236,0.8,1
5,3,natural,4,237,0.68,0
5,3,natural,4,238,0.96,0
5,3,natural,4,239,0.88,0
5,3,natural,4,240,0.64,1
5,3,natural,4,241,0.8,0
5,3,natural,4,242,0.8,1
5,3,natural,4,243,1.0,0
5,3,natural,4,244,0.92,0
5,3,natural,4,245,1.0,0
5,3,natural,4,246,0.84,0
5,3,natural,4,247,0.76,1
5,3,natural,4,248,0.72,0
5,3,natural,4,249,0.6,1
5,3,natural,4,250,0.92,0
5,3,natural,4,251,0.32,1
5,3,natural,4,252,0.84,0
5,3,natural,4,253,0.84,0
5,3,natural,4,254,0.88,0
5,3,natural,4,255,0.88,0
5,3,natural,4,256,0.84,0
5,3,natural,4,257,0.88,0
5,3,natural,4,258,0.96,0
5,3,natural,4,259,1.0,0
5,3,natural,4,260,0.72,0
5,3,natural,4,261,0.88,0
5,3,natural,4,262,0.84,0
5,3,natural,4,263,0.84,0
5,3,natural,4,264,0.72,0
5,3,natural,4,265,0.84,1
5,3,natural,4,266,0.8,1
5,3,natural,4,267,0.8,0
5,3,natural,4,268,0.92,0
5,3,natural,4,269,1.0,0
5,3,natural,4,270,0.72,0
5,3,natural,4,271,0.72,0
5,3,natural,4,272,0.76,1
5,3,natural,4,273,0.68,1
5,3,natural,4,274,1.0,0
5,3,natural,4,275,0.8,1
5,3,natural,4,276,0.92,0
5,3,natural,4,277,0.96,0
5,3,natural,4,278,0.68,1
5,3,natural,4,279,1.0,0
5,3,natural,4,280,0.88,0
5,3,natural,4,281,1.0,0
5,3,natural,4,282,0.88,1
5,3,natural,4,283,0.76,0
5,3,natural,4,284,0.56,1
5,3,natural,4,285,0.92,0
5,3,natural,4,286,1.0,0
5,3,natural,4,287,0.84,0
5,3,natural,4,288,0.92,0
5,3,natural,4,289,0.96,0
5,3,natural,4,290,0.96,0
5,3,natural,4,291,0.68,0
5,3,natural,4,292,0.84,0
5,3,natural,4,293,0.96,0
5,3,natural,4,294,0.76,0
5,3,natural,4,295,0.88,0
5,3,natural,4,296,0.76,0
5,3,natural,4,297,0.88,0
5,3,natural,4,298,0.92,0
5,3,natural,4,299,0.92,0
5,3,natural,4,300,0.84,0
5,3,natural,4,301,0.92,0
5,3,natural,4,302,1.0,0
5,3,natural,4,303,0.96,0
5,3,natural,4,304,0.8,1
5,3,natural,4,305,0.92,0
5,3,natural,4,306,0.92,0
5,3,natural,4,307,0.76,1
5,3,natural,4,308,0.96,0
5,3,natural,4,309,1.0,0
5,3,natural,4,310,0.84,1
5,3,natural,4,311,0.76,1
5,3,natural,4,312,0.92,0
5,3,natural,4,313,1.0,0
5,3,natural,4,314,1.0,0
5,3,natural,4,315,0.72,0
5,3,natural,4,316,0.96,0
5,3,natural,4,317,0.92,0
5,3,natural,4,318,0.64,0
5,3,natural,4,319,0.76,0
5,3,natural,4,320,0.92,0
5,3,natural,4,321,0.72,0
5,3,natural,4,322,0.8,0
5,3,natural,4,323,0.92,0
5,3,natural,4,324,0.92,0
5,3,natural,4,325,0.96,0
5,3,natural,4,326,0.92,0
5,3,natural,4,327,0.8,1
5,3,natural,4,328,0.92,0
5,3,natural,4,329,0.92,0
5,3,natural,4,330,0.96,0
5,3,natural,4,331,0.76,0
5,3,natural,4,332,0.92,0
5,3,natural,4,333,0.92,0
5,3,natural,4,334,0.76,1
5,3,natural,4,335,1.0,0
5,3,natural,4,336,0.72,1
5,3,natural,4,337,0.96,0
5,3,natural,4,338,0.8,1
5,3,natural,4,339,0.8,0
5,3,natural,4,340,1.0,0
5,3,natural,4,341,0.76,0
5,3,natural,4,342,0.84,0
5,3,natural,4,343,0.84,0
5,3,natural,4,344,0.96,0
5,3,natural,4,345,0.88,0
5,3,natural,4,346,1.0,0
5,3,natural,4,347,0.88,0
5,3,natural,4,348,0.72,0
5,3,natural,4,349,0.84,0
5,3,natural,4,350,0.88,0
5,3,natural,4,351,0.88,0
5,3,natural,4,352,0.92,1
5,3,natural,4,353,0.84,0
5,3,natural,4,354,0.84,0
5,3,natural,4,355,0.64,1
5,3,natural,4,356,0.76,1
5,3,natural,4,357,0.88,0
5,3,natural,4,358,0.92,0
5,3,natural,4,359,0.8,0
5,3,natural,4,360,0.84,0
5,3,natural,4,361,0.8,0
5,3,natural,4,362,0.96,0
5,3,natural,4,363,0.56,1
5,3,natural,4,364,0.92,0
5,3,natural,4,365,0.84,0
5,3,natural,4,366,0.8,1
5,3,natural,4,367,0.8,0
5,3,natural,4,368,0.84,0
5,3,natural,4,369,0.92,0
5,3,natural,4,370,0.96,0
5,3,natural,4,371,0.92,0
5,3,natural,4,372,1.0,0
5,3,natural,4,373,0.76,0
5,3,natural,4,374,0.84,0
5,3,natural,4,375,0.96,0
5,3,natural,4,376,0.92,0
5,3,natural,4,377,0.88,0
5,3,natural,4,378,0.84,0
5,3,natural,4,379,0.8,0
5,3,natural,4,380,0.88,0
5,3,natural,4,381,0.96,0
5,3,natural,4,382,0.88,0
5,3,natural,4,383,1.0,0
5,3,natural,4,384,0.76,0
5,3,natural,4,385,0.8,0
5,3,natural,4,386,0.84,1
5,3,natural,4,387,0.8,0
5,3,natural,4,388,0.8,1
5,3,natural,4,389,0.8,0
5,3,natural,4,390,0.8,1
5,3,natural,4,391,0.76,1
5,3,natural,4,392,0.88,0
5,3,natural,4,393,0.88,0
5,3,natural,4,394,0.92,0
5,3,natural,4,395,0.84,0
5,3,natural,4,396,1.0,0
5,3,natural,4,397,0.88,0
5,3,natural,4,398,0.8,1
5,3,natural,4,399,0.88,0
5,3,natural,4,400,0.96,0
5,3,natural,4,401,0.84,0
5,3,natural,4,402,1.0,0
5,3,natural,4,403,0.88,0
5,3,natural,4,404,0.92,0
5,3,natural,4,405,0.96,0
5,3,natural,4,406,0.88,0
5,3,natural,4,407,0.92,0
5,3,natural,4,408,1.0,0
5,3,natural,4,409,0.96,0
5,3,natural,4,410,0.68,0
5,3,natural,4,411,0.92,0
5,3,natural,4,412,0.84,0
5,3,natural,4,413,0.88,0
5,3,natural,4,414,0.92,0
5,3,natural,4,415,0.84,0
5,3,natural,4,416,0.92,0
5,3,natural,4,417,0.84,0
5,3,natural,4,418,0.84,0
5,3,natural,4,419,1.0,0
5,3,natural,4,420,0.92,1
5,3,natural,4,421,0.88,0
5,3,natural,4,422,0.68,1
5,3,natural,4,423,1.0,0
5,3,natural,4,424,0.96,0
5,3,natural,4,425,0.96,0
5,3,natural,4,426,0.92,0
5,3,natural,4,427,0.6,1
5,3,natural,4,428,0.64,1
5,3,natural,4,429,0.76,0
5,3,natural,4,430,0.64,1
5,3,natural,4,431,0.88,0
5,3,natural,4,432,0.64,0
5,3,natural,4,433,0.72,0
5,3,natural,4,434,0.76,0
5,3,natural,4,435,0.96,0
5,3,natural,4,436,0.84,0
5,3,natural,4,437,1.0,0
5,3,natural,4,438,0.8,0
5,3,natural,4,439,0.92,1
5,3,natural,4,440,0.96,0
5,3,natural,4,441,0.92,0
5,3,natural,4,442,1.0,0
5,3,natural,4,443,0.8,0
5,3,natural,4,444,1.0,0
5,3,natural,4,445,1.0,0
5,3,natural,4,446,0.92,0
5,3,natural,4,447,0.96,0
5,3,natural,4,448,0.76,1
5,3,natural,4,449,0.92,0
5,3,natural,4,450,0.68,1
5,3,natural,4,451,0.92,0
5,3,natural,4,452,1.0,0
5,3,natural,4,453,0.76,0
5,3,natural,4,454,1.0,0
5,3,natural,4,455,0.84,0
5,3,natural,4,456,0.92,0
5,3,natural,4,457,0.84,0
5,3,natural,4,458,0.96,0
5,3,natural,4,459,0.96,0
5,3,natural,4,460,0.72,1
5,3,natural,4,461,0.84,1
5,3,natural,4,462,0.72,1
5,3,natural,4,463,0.76,0
5,3,natural,4,464,0.76,1
5,3,natural,4,465,0.84,1
5,3,natural,4,466,0.96,0
5,3,natural,4,467,1.0,0
5,3,natural,4,468,0.88,0
5,3,natural,4,469,1.0,0
5,3,natural,4,470,0.88,0
5,3,natural,4,471,0.68,1
5,3,natural,4,472,0.92,0
5,3,natural,4,473,0.88,0
5,3,natural,4,474,1.0,0
5,3,natural,4,475,0.68,0
5,3,natural,4,476,0.96,0
5,3,natural,4,477,0.76,0
5,3,natural,4,478,0.96,0
5,3,natural,4,479,0.88,1
5,3,natural,4,480,1.0,0
5,3,natural,4,481,0.96,0
5,3,natural,4,482,0.76,1
5,3,natural,4,483,0.72,0
5,3,natural,4,484,0.96,0
5,3,natural,4,485,0.76,0
5,3,natural,4,486,0.6,0
5,3,natural,4,487,0.92,0
5,3,natural,4,488,0.88,0
5,3,natural,4,489,0.96,0
5,3,natural,4,490,0.76,0
5,3,natural,4,491,0.96,0
5,3,natural,4,492,0.84,0
5,3,natural,4,493,0.96,0
5,3,natural,4,494,0.96,0
5,3,natural,4,495,0.92,0
5,3,natural,4,496,0.76,1
5,3,natural,4,497,0.96,0
5,3,natural,4,498,0.96,0
5,3,natural,4,499,0.84,0
5,5,natural,0,0,0.88,0
5,5,natural,0,1,0.92,0
5,5,natural,0,2,1.0,0
5,5,natural,0,3,0.76,0
5,5,natural,0,4,0.96,0
5,5,natural,0,5,0.72,1
5,5,natural,0,6,0.96,0
5,5,natural,0,7,0.92,0
5,5,natural,0,8,0.64,0
5,5,natural,0,9,1.0,0
5,5,natural,0,10,0.92,0
5,5,natural,0,11,1.0,0
5,5,natural,0,12,0.72,1
5,5,natural,0,13,0.72,1
5,5,natural,0,14,1.0,0
5,5,natural,0,15,0.88,0
5,5,natural,0,16,0.96,0
5,5,natural,0,17,1.0,1
5,5,natural,0,18,0.84,0
5,5,natural,0,19,0.88,0
5,5,natural,0,20,0.88,1
5,5,natural,0,21,0.8,0
5,5,natural,0,22,0.92,0
5,5,natural,0,23,0.96,0
5,5,natural,0,24,0.96,0
5,5,natural,0,25,0.88,1
5,5,natural,0,26,1.0,0
5,5,natural,0,27,0.8,0
5,5,natural,0,28,0.92,0
5,5,natural,0,29,0.88,0
5,5,natural,0,30,1.0,0
5,5,natural,0,31,0.84,0
5,5,natural,0,32,0.84,1
5,5,natural,0,33,0.96,0
5,5,natural,0,34,0.88,0
5,5,natural,0,35,0.88,0
5,5,natural,0,36,0.8,0
5,5,natural,0,37,0.92,0
5,5,natural,0,38,0.76,0
5,5,natural,0,39,0.72,1
5,5,natural,0,40,0.88,1
5,5,natural,0,41,0.76,1
5,5,natural,0,42,0.72,1
5,5,natural,0,43,1.0,0
5,5,natural,0,44,0.96,0
5,5,natural,0,45,1.0,0
5,5,natural,0,46,0.92,0
5,5,natural,0,47,0.8,0
5,5,natural,0,48,0.96,0
5,5,natural,0,49,0.84,0
5,5,natural,0,50,0.88,0
5,5,natural,0,51,0.92,0
5,5,natural,0,52,0.92,0
5,5,natural,0,53,0.92,0
5,5,natural,0,54,1.0,0
5,5,natural,0,55,0.88,0
5,5,natural,0,56,1.0,0
5,5,natural,0,57,1.0,0
5,5,natural,0,58,1.0,0
5,5,natural,0,59,1.0,0
5,5,natural,0,60,0.92,0
5,5,natural,0,61,0.92,0
5,5,natural,0,62,0.96,0
5,5,natural,0,63,1.0,0
5,5,natural,0,64,0.88,1
5,5,natural,0,65,0.92,0
5,5,natural,0,66,0.88,1
5,5,natural,0,67,0.84,0
5,5,natural,0,68,1.0,0
5,5,natural,0,69,0.8,1
5,5,natural,0,70,0.96,0
5,5,natural,0,71,0.88,0
5,5,natural,0,72,0.88,0
5,5,natural,0,73,0.72,0
5,5,natural,0,74,0.72,1
5,5,natural,0,75,0.92,1
5,5,natural,0,76,0.8,1
5,5,natural,0,77,1.0,0
5,5,natural,0,78,0.88,0
5,5,natural,0,79,0.84,0
5,5,natural,0,80,1.0,0
5,5,natural,0,81,0.92,0
5,5,natural,0,82,0.92,0
5,5,natural,0,83,0.84,1
5,5,natural,0,84,0.92,0
5,5,natural,0,85,1.0,0
5,5,natural,0,86,0.96,0
5,5,natural,0,87,0.88,0
5,5,natural,0,88,0.84,0
5,5,natural,0,89,1.0,0
5,5,natural,0,90,1.0,0
5,5,natural,0,91,0.88,0
5,5,natural,0,92,0.6,1
5,5,natural,0,93,1.0,0
5,5,natural,0,94,0.96,0
5,5,natural,0,95,1.0,0
5,5,natural,0,96,0.8,0
5,5,natural,0,97,0.84,0
5,5,natural,0,98,0.96,0
5,5,natural,0,99,0.96,0
5,5,natural,0,100,0.8,1
5,5,natural,0,101,0.92,0
5,5,natural,0,102,0.92,0
5,5,natural,0,103,0.92,0
5,5,natural,0,104,0.8,0
5,5,natural,0,105,1.0,0
5,5,natural,0,106,1.0,0
5,5,natural,0,107,0.92,0
5,5,natural,0,108,0.92,0
5,5,natural,0,109,0.84,0
5,5,natural,0,110,0.84,0
5,5,natural,0,111,0.84,0
5,5,natural,0,112,0.76,0
5,5,natural,0,113,0.92,0
5,5,natural,0,114,0.96,0
5,5,natural,0,115,0.88,0
5,5,natural,0,116,0.6,1
5,5,natural,0,117,0.84,0
5,5,natural,0,118,0.76,0
5,5,natural,0,119,0.84,1
5,5,natural,0,120,0.68,1
5,5,natural,0,121,0.92,0
5,5,natural,0,122,0.68,1
5,5,natural,0,123,0.96,0
5,5,natural,0,124,0.84,1
5,5,natural,0,125,0.92,0
5,5,natural,0,126,0.84,1
5,5,natural,0,127,1.0,0
5,5,natural,0,128,0.84,0
5,5,natural,0,129,0.96,0
5,5,natural,0,130,0.76,1
5,5,natural,0,131,0.92,0
5,5,natural,0,132,0.92,0
5,5,natural,0,133,0.88,0
5,5,natural,0,134,0.8,0
5,5,natural,0,135,0.68,1
5,5,natural,0,136,0.92,0
5,5,natural,0,137,0.96,0
5,5,natural,0,138,0.84,1
5,5,natural,0,139,0.76,1
5,5,natural,0,140,0.88,0
5,5,natural,0,141,0.88,0
5,5,natural,0,142,0.88,0
5,5,natural,0,143,0.96,0
5,5,natural,0,144,0.76,1
5,5,natural,0,145,0.96,0
5,5,natural,0,146,0.96,0
5,5,natural,0,147,0.92,0
5,5,natural,0,148,0.8,0
5,5,natural,0,149,0.96,0
5,5,natural,0,150,0.88,0
5,5,natural,0,151,0.96,0
5,5,natural,0,152,1.0,0
5,5,natural,0,153,0.8,1
5,5,natural,0,154,1.0,0
5,5,natural,0,155,0.88,0
5,5,natural,0,156,0.84,0
5,5,natural,0,157,0.8,1
5,5,natural,0,158,0.92,0
5,5,natural,0,159,0.76,0
5,5,natural,0,160,0.96,0
5,5,natural,0,161,0.88,0
5,5,natural,0,162,1.0,0
5,5,natural,0,163,0.88,0
5,5,natural,0,164,0.96,0
5,5,natural,0,165,0.84,0
5,5,natural,0,166,0.92,0
5,5,natural,0,167,0.84,0
5,5,natural,0,168,0.84,1
5,5,natural,0,169,0.96,1
5,5,natural,0,170,1.0,0
5,5,natural,0,171,0.96,0
5,5,natural,0,172,1.0,0
5,5,natural,0,173,0.92,0
5,5,natural,0,174,0.76,1
5,5,natural,0,175,0.76,0
5,5,natural,0,176,1.0,0
5,5,natural,0,177,0.88,0
5,5,natural,0,178,0.96,0
5,5,natural,0,179,0.92,0
5,5,natural,0,180,0.92,0
5,5,natural,0,181,0.8,0
5,5,natural,0,182,0.84,0
5,5,natural,0,183,0.68,1
5,5,natural,0,184,0.88,0
5,5,natural,0,185,0.8,0
5,5,natural,0,186,0.8,0
5,5,natural,0,187,0.96,0
5,5,natural,0,188,0.96,0
5,5,natural,0,189,0.88,0
5,5,natural,0,190,0.72,0
5,5,natural,0,191,0.96,1
5,5,natural,0,192,0.84,0
5,5,natural,0,193,1.0,0
5,5,natural,0,194,0.96,0
5,5,natural,0,195,1.0,0
5,5,natural,0,196,0.84,0
5,5,natural,0,197,0.76,0
5,5,natural,0,198,0.8,0
5,5,natural,0,199,0.96,0
5,5,natural,0,200,0.88,0
5,5,natural,0,201,0.92,0
5,5,natural,0,202,1.0,0
5,5,natural,0,203,0.96,0
5,5,natural,0,204,0.72,1
5,5,natural,0,205,0.92,0
5,5,natural,0,206,0.92,0
5,5,natural,0,207,0.76,1
5,5,natural,0,208,0.96,0
5,5,natural,0,209,0.92,0
5,5,natural,0,210,0.8,0
5,5,natural,0,211,0.92,0
5,5,natural,0,212,0.68,1
5,5,natural,0,213,0.96,0
5,5,natural,0,214,0.84,0
5,5,natural,0,215,0.88,0
5,5,natural,0,216,1.0,0
5,5,natural,0,217,0.96,0
5,5,natural,0,218,1.0,0
5,5,natural,0,219,0.84,0
5,5,natural,0,220,0.96,0
5,5,natural,0,221,0.76,0
5,5,natural,0,222,0.96,0
5,5,natural,0,223,0.96,0
5,5,natural,0,224,0.88,0
5,5,natural,0,225,0.92,0
5,5,natural,0,226,1.0,0
5,5,natural,0,227,0.84,0
5,5,natural,0,228,0.76,0
5,5,natural,0,229,0.96,0
5,5,natural,0,230,0.92,0
5,5,natural,0,231,1.0,0
5,5,natural,0,232,0.96,0
5,5,natural,0,233,0.88,0
5,5,natural,0,234,0.92,0
5,5,natural,0,235,0.88,0
5,5,natural,0,236,0.64,1
5,5,natural,0,237,0.96,0
5,5,natural,0,238,0.92,1
5,5,natural,0,239,0.96,0
5,5,natural,0,240,0.84,0
5,5,natural,0,241,0.8,0
5,5,natural,0,242,0.88,1
5,5,natural,0,243,0.76,1
5,5,natural,0,244,0.96,0
5,5,natural,0,245,0.88,0
5,5,natural,0,246,0.92,0
5,5,natural,0,247,0.84,0
5,5,natural,0,248,0.88,0
5,5,natural,0,249,0.92,0
5,5,natural,0,250,0.76,1
5,5,natural,0,251,0.96,0
5,5,natural,0,252,0.92,0
5,5,natural,0,253,0.96,0
5,5,natural,0,254,0.68,0
5,5,natural,0,255,0.92,0
5,5,natural,0,256,0.92,0
5,5,natural,0,257,0.96,0
5,5,natural,0,258,0.92,0
5,5,natural,0,259,0.84,1
5,5,natural,0,260,0.96,0
5,5,natural,0,261,0.88,0
5,5,natural,0,262,0.88,0
5,5,natural,0,263,0.8,0
5,5,natural,0,264,0.76,0
5,5,natural,0,265,0.96,0
5,5,natural,0,266,0.88,0
5,5,natural,0,267,0.68,0
5,5,natural,0,268,1.0,0
5,5,natural,0,269,0.84,0
5,5,natural,0,270,1.0,0
5,5,natural,0,271,0.88,0
5,5,natural,0,272,0.84,0
5,5,natural,0,273,0.96,0
5,5,natural,0,274,0.76,0
5,5,natural,0,275,0.88,0
5,5,natural,0,276,0.88,0
5,5,natural,0,277,0.96,0
5,5,natural,0,278,0.8,1
5,5,natural,0,279,0.92,0
5,5,natural,0,280,1.0,0
5,5,natural,0,281,0.84,1
5,5,natural,0,282,0.92,0
5,5,natural,0,283,0.96,0
5,5,natural,0,284,0.92,0
5,5,natural,0,285,1.0,0
5,5,natural,0,286,0.88,0
5,5,natural,0,287,1.0,0
5,5,natural,0,288,1.0,0
5,5,natural,0,289,0.88,1
5,5,natural,0,290,0.88,1
5,5,natural,0,291,0.96,0
5,5,natural,0,292,0.92,0
5,5,natural,0,293,0.88,0
5,5,natural,0,294,0.92,0
5,5,natural,0,295,0.92,0
5,5,natural,0,296,0.88,0
5,5,natural,0,297,0.96,0
5,5,natural,0,298,0.96,0
5,5,natural,0,299,1.0,0
5,5,natural,0,300,1.0,0
5,5,natural,0,301,0.8,0
5,5,natural,0,302,0.96,0
5,5,natural,0,303,0.8,1
5,5,natural,0,304,0.88,0
5,5,natural,0,305,0.96,0
5,5,natural,0,306,1.0,0
5,5,natural,0,307,0.76,0
5,5,natural,0,308,0.84,1
5,5,natural,0,309,1.0,0
5,5,natural,0,310,0.92,0
5,5,natural,0,311,1.0,0
5,5,natural,0,312,0.92,0
5,5,natural,0,313,0.96,0
5,5,natural,0,314,0.92,0
5,5,natural,0,315,1.0,0
5,5,natural,0,316,0.84,1
5,5,natural,0,317,0.88,0
5,5,natural,0,318,0.88,0
5,5,natural,0,319,1.0,0
5,5,natural,0,320,0.88,0
5,5,natural,0,321,0.8,0
5,5,natural,0,322,1.0,0
5,5,natural,0,323,0.84,1
5,5,natural,0,324,0.84,1
5,5,natural,0,325,0.76,1
5,5,natural,0,326,1.0,0
5,5,natural,0,327,0.84,0
5,5,natural,0,328,0.92,0
5,5,natural,0,329,0.88,0
5,5,natural,0,330,0.88,0
5,5,natural,0,331,0.92,0
5,5,natural,0,332,0.92,0
5,5,natural,0,333,0.76,0
5,5,natural,0,334,0.72,0
5,5,natural,0,335,0.88,0
5,5,natural,0,336,0.84,1
5,5,natural,0,337,0.96,0
5,5,natural,0,338,0.84,0
5,5,natural,0,339,0.88,0
5,5,natural,0,340,0.96,0
5,5,natural,0,341,1.0,0
5,5,natural,0,342,0.76,0
5,5,natural,0,343,0.92,0
5,5,natural,0,344,0.92,0
5,5,natural,0,345,0.76,1
5,5,natural,0,346,0.64,0
5,5,natural,0,347,0.84,0
5,5,natural,0,348,0.8,1
5,5,natural,0,349,0.8,0
5,5,natural,0,350,0.8,0
5,5,natural,0,351,1.0,0
5,5,natural,0,352,0.88,0
5,5,natural,0,353,0.92,0
5,5,natural,0,354,0.96,0
5,5,natural,0,355,0.8,0
5,5,natural,0,356,1.0,0
5,5,natural,0,357,0.96,0
5,5,natural,0,358,0.88,0
5,5,natural,0,359,0.92,0
5,5,natural,0,360,0.72,1
5,5,natural,0,361,0.76,1
5,5,natural,0,362,0.96,0
5,5,natural,0,363,0.96,1
5,5,natural,0,364,0.76,1
5,5,natural,0,365,0.8,1
5,5,natural,0,366,0.88,0
5,5,natural,0,367,0.96,0
5,5,natural,0,368,0.96,0
5,5,natural,0,369,0.92,0
5,5,natural,0,370,0.96,0
5,5,natural,0,371,0.96,0
5,5,natural,0,372,0.84,0
5,5,natural,0,373,0.76,1
5,5,natural,0,374,0.96,0
5,5,natural,0,375,0.96,0
5,5,natural,0,376,0.96,0
5,5,natural,0,377,0.88,0
5,5,natural,0,378,0.76,0
5,5,natural,0,379,1.0,0
5,5,natural,0,380,0.96,0
5,5,natural,0,381,1.0,0
5,5,natural,0,382,1.0,0
5,5,natural,0,383,0.96,0
5,5,natural,0,384,1.0,0
5,5,natural,0,385,0.84,0
5,5,natural,0,386,0.96,0
5,5,natural,0,387,0.8,0
5,5,natural,0,388,0.8,1
5,5,natural,0,389,0.92,0
5,5,natural,0,390,0.92,0
5,5,natural,0,391,0.88,0
5,5,natural,0,392,0.88,1
5,5,natural,0,393,0.88,0
5,5,natural,0,394,1.0,0
5,5,natural,0,395,0.84,0
5,5,natural,0,396,0.96,0
5,5,natural,0,397,0.88,0
5,5,natural,0,398,0.92,0
5,5,natural,0,399,1.0,0
5,5,natural,0,400,0.96,0
5,5,natural,0,401,0.8,0
5,5,natural,0,402,0.64,1
5,5,natural,0,403,0.88,0
5,5,natural,0,404,0.96,0
5,5,natural,0,405,0.8,0
5,5,natural,0,406,0.96,0
5,5,natural,0,407,0.88,0
5,5,natural,0,408,0.88,0
5,5,natural,0,409,1.0,0
5,5,natural,0,410,0.92,0
5,5,natural,0,411,0.64,1
5,5,natural,0,412,0.92,0
5,5,natural,0,413,0.96,0
5,5,natural,0,414,0.96,0
5,5,natural,0,415,0.96,0
5,5,natural,0,416,1.0,0
5,5,natural,0,417,1.0,0
5,5,natural,0,418,1.0,0
5,5,natural,0,419,0.8,0
5,5,natural,0,420,0.8,1
5,5,natural,0,421,0.92,0
5,5,natural,0,422,0.8,0
5,5,natural,0,423,0.72,1
5,5,natural,0,424,1.0,0
5,5,natural,0,425,0.8,0
5,5,natural,0,426,0.88,0
5,5,natural,0,427,0.96,0
5,5,natural,0,428,1.0,0
5,5,natural,0,429,0.92,0
5,5,natural,0,430,0.8,1
5,5,natural,0,431,1.0,0
5,5,natural,0,432,1.0,0
5,5,natural,0,433,0.8,1
5,5,natural,0,434,0.88,0
5,5,natural,0,435,0.8,0
5,5,natural,0,436,0.88,0
5,5,natural,0,437,0.92,0
5,5,natural,0,438,0.88,0
5,5,natural,0,439,0.88,0
5,5,natural,0,440,1.0,0
5,5,natural,0,441,0.84,1
5,5,natural,0,442,0.92,1
5,5,natural,0,443,0.84,0
5,5,natural,0,444,0.72,1
5,5,natural,0,445,0.96,0
5,5,natural,0,446,0.68,1
5,5,natural,0,447,1.0,0
5,5,natural,0,448,0.84,0
5,5,natural,0,449,0.96,0
5,5,natural,0,450,0.8,1
5,5,natural,0,451,1.0,0
5,5,natural,0,452,0.92,0
5,5,natural,0,453,1.0,0
5,5,natural,0,454,0.84,0
5,5,natural,0,455,0.88,1
5,5,natural,0,456,1.0,0
5,5,natural,0,457,0.84,0
5,5,natural,0,458,0.72,1
5,5,natural,0,459,0.96,0
5,5,natural,0,460,0.8,0
5,5,natural,0,461,0.96,0
5,5,natural,0,462,1.0,0
5,5,natural,0,463,0.84,0
5,5,natural,0,464,1.0,0
5,5,natural,0,465,0.84,0
5,5,natural,0,466,1.0,0
5,5,natural,0,467,1.0,0
5,5,natural,0,468,1.0,0
5,5,natural,0,469,0.64,0
5,5,natural,0,470,0.64,1
5,5,natural,0,471,0.72,1
5,5,natural,0,472,0.84,1
5,5,natural,0,473,0.68,1
5,5,natural,0,474,1.0,0
5,5,natural,0,475,1.0,0
5,5,natural,0,476,1.0,0
5,5,natural,0,477,0.88,0
5,5,natural,0,478,0.88,0
5,5,natural,0,479,0.96,0
5,5,natural,0,480,0.96,0
5,5,natural,0,481,0.88,0
5,5,natural,0,482,0.92,0
5,5,natural,0,483,1.0,0
5,5,natural,0,484,0.92,0
5,5,natural,0,485,0.92,0
5,5,natural,0,486,0.88,0
5,5,natural,0,487,0.96,0
5,5,natural,0,488,0.96,0
5,5,natural,0,489,0.76,1
5,5,natural,0,490,0.84,0
5,5,natural,0,491,0.92,0
5,5,natural,0,492,1.0,0
5,5,natural,0,493,0.92,0
5,5,natural,0,494,0.48,1
5,5,natural,0,495,0.76,0
5,5,natural,0,496,0.92,0
5,5,natural,0,497,0.92,0
5,5,natural,0,498,0.92,0
5,5,natural,0,499,0.88,0
5,5,natural,1,0,0.84,0
5,5,natural,1,1,0.96,0
5,5,natural,1,2,0.92,0
5,5,natural,1,3,0.76,0
5,5,natural,1,4,1.0,0
5,5,natural,1,5,0.72,0
5,5,natural,1,6,0.92,0
5,5,natural,1,7,1.0,0
5,5,natural,1,8,0.84,1
5,5,natural,1,9,0.92,0
5,5,natural,1,10,0.92,0
5,5,natural,1,11,0.68,1
5,5,natural,1,12,0.96,0
5,5,natural,1,13,0.92,0
5,5,natural,1,14,0.92,0
5,5,natural,1,15,0.84,0
5,5,natural,1,16,0.64,1
5,5,natural,1,17,0.64,1
5,5,natural,1,18,0.92,0
5,5,natural,1,19,0.84,0
5,5,natural,1,20,0.88,0
5,5,natural,1,21,0.76,1
5,5,natural,1,22,0.8,0
5,5,natural,1,23,0.92,0
5,5,natural,1,24,0.92,0
5,5,natural,1,25,0.76,0
5,5,natural,1,26,0.92,0
5,5,natural,1,27,0.76,0
5,5,natural,1,28,0.72,0
5,5,natural,1,29,0.96,0
5,5,natural,1,30,0.96,0
5,5,natural,1,31,0.8,1
5,5,natural,1,32,0.88,0
5,5,natural,1,33,0.96,0
5,5,natural,1,34,0.8,1
5,5,natural,1,35,0.88,0
5,5,natural,1,36,0.92,0
5,5,natural,1,37,0.68,1
5,5,natural,1,38,1.0,0
5,5,natural,1,39,0.88,1
5,5,natural,1,40,1.0,0
5,5,natural,1,41,0.96,0
5,5,natural,1,42,0.88,0
5,5,natural,1,43,0.84,0
5,5,natural,1,44,0.92,0
5,5,natural,1,45,0.76,0
5,5,natural,1,46,0.96,0
5,5,natural,1,47,0.92,0
5,5,natural,1,48,0.72,1
5,5,natural,1,49,1.0,0
5,5,natural,1,50,0.92,0
5,5,natural,1,51,1.0,0
5,5,natural,1,52,0.72,0
5,5,natural,1,53,0.84,0
5,5,natural,1,54,0.84,0
5,5,natural,1,55,0.92,0
5,5,natural,1,56,0.88,0
5,5,natural,1,57,0.92,0
5,5,natural,1,58,0.92,0
5,5,natural,1,59,0.72,0
5,5,natural,1,60,0.96,0
5,5,natural,1,61,0.92,0
5,5,natural,1,62,0.8,0
5,5,natural,1,63,0.84,0
5,5,natural,1,64,0.88,1
5,5,natural,1,65,0.88,1
5,5,natural,1,66,0.92,0
5,5,natural,1,67,1.0,0
5,5,natural,1,68,0.92,0
5,5,natural,1,69,0.8,0
5,5,natural,1,70,0.92,0
5,5,natural,1,71,0.88,0
5,5,natural,1,72,0.96,0
5,5,natural,1,73,0.88,0
5,5,natural,1,74,0.88,0
5,5,natural,1,75,1.0,0
5,5,natural,1,76,0.92,0
5,5,natural,1,77,0.76,1
5,5,natural,1,78,0.92,0
5,5,natural,1,79,0.96,0
5,5,natural,1,80,0.92,0
5,5,natural,1,81,0.92,0
5,5,natural,1,82,0.88,0
5,5,natural,1,83,0.8,0
5,5,natural,1,84,0.96,0
5,5,natural,1,85,0.96,0
5,5,natural,1,86,0.92,0
5,5,natural,1,87,0.88,0
5,5,natural,1,88,0.88,0
5,5,natural,1,89,0.8,1
5,5,natural,1,90,0.72,1
5,5,natural,1,91,1.0,0
5,5,natural,1,92,0.92,0
5,5,natural,1,93,0.64,1
5,5,natural,1,94,1.0,0
5,5,natural,1,95,0.96,0
5,5,natural,1,96,0.84,1
5,5,natural,1,97,0.92,0
5,5,natural,1,98,0.84,1
5,5,natural,1,99,0.96,0
5,5,natural,1,100,0.96,0
5,5,natural,1,101,0.96,0
5,5,natural,1,102,0.92,0
5,5,natural,1,103,1.0,0
5,5,natural,1,104,0.72,0
5,5,natural,1,105,0.92,0
5,5,natural,1,106,1.0,0
5,5,natural,1,107,0.96,0
5,5,natural,1,108,0.96,0
5,5,natural,1,109,0.84,0
5,5,natural,1,110,0.88,0
5,5,natural,1,111,0.84,0
5,5,natural,1,112,0.96,0
5,5,natural,1,113,0.84,0
5,5,natural,1,114,0.8,0
5,5,natural,1,115,1.0,0
5,5,natural,1,116,1.0,0
5,5,natural,1,117,0.96,0
5,5,natural,1,118,0.92,0
5,5,natural,1,119,0.96,0
5,5,natural,1,120,0.96,0
5,5,natural,1,121,0.96,0
5,5,natural,1,122,0.64,1
5,5,natural,1,123,0.68,1
5,5,natural,1,124,0.88,0
5,5,natural,1,125,0.88,0
5,5,natural,1,126,0.8,0
5,5,natural,1,127,1.0,0
5,5,natural,1,128,1.0,0
5,5,natural,1,129,0.92,0
5,5,natural,1,130,1.0,0
5,5,natural,1,131,0.72,1
5,5,natural,1,132,0.96,0
5,5,natural,1,133,0.72,0
5,5,natural,1,134,1.0,0
5,5,natural,1,135,0.88,0
5,5,natural,1,136,0.96,0
5,5,natural,1,137,0.96,0
5,5,natural,1,138,0.8,1
5,5,natural,1,139,0.88,0
5,5,natural,1,140,0.88,1
5,5,natural,1,141,0.64,1
5,5,natural,1,142,0.84,1
5,5,natural,1,143,0.84,0
5,5,natural,1,144,0.88,0
5,5,natural,1,145,0.72,1
5,5,natural,1,146,0.92,0
5,5,natural,1,147,0.96,0
5,5,natural,1,148,0.88,0
5,5,natural,1,149,0.8,1
5,5,natural,1,150,0.8,0
5,5,natural,1,151,0.92,0
5,5,natural,1,152,0.64,0
5,5,natural,1,153,0.8,0
5,5,natural,1,154,0.88,0
5,5,natural,1,155,0.88,0
5,5,natural,1,156,1.0,0
5,5,natural,1,157,1.0,0
5,5,natural,1,158,0.88,0
5,5,natural,1,159,0.6,1
5,5,natural,1,160,0.72,0
5,5,natural,1,161,1.0,0
5,5,natural,1,162,0.96,0
5,5,natural,1,163,0.68,1
5,5,natural,1,164,0.96,0
5,5,natural,1,165,0.88,0
5,5,natural,1,166,0.96,0
5,5,natural,1,167,0.84,0
5,5,natural,1,168,0.92,0
5,5,natural,1,169,1.0,0
5,5,natural,1,170,0.96,0
5,5,natural,1,171,0.92,0
5,5,natural,1,172,0.8,0
5,5,natural,1,173,0.72,0
5,5,natural,1,174,0.92,0
5,5,natural,1,175,1.0,0
5,5,natural,1,176,0.84,1
5,5,natural,1,177,0.8,0
5,5,natural,1,178,0.8,1
5,5,natural,1,179,0.92,0
5,5,natural,1,180,0.76,0
5,5,natural,1,181,0.96,0
5,5,natural,1,182,0.96,0
5,5,natural,1,183,0.84,1
5,5,natural,1,184,0.96,0
5,5,natural,1,185,0.96,0
5,5,natural,1,186,0.96,0
5,5,natural,1,187,0.84,0
5,5,natural,1,188,1.0,0
5,5,natural,1,189,0.92,0
5,5,natural,1,190,0.92,0
5,5,natural,1,191,0.88,0
5,5,natural,1,192,0.88,1
5,5,natural,1,193,1.0,0
5,5,natural,1,194,1.0,0
5,5,natural,1,195,0.88,0
5,5,natural,1,196,0.8,1
5,5,natural,1,197,1.0,0
5,5,natural,1,198,0.92,0
5,5,natural,1,199,0.96,0
5,5,natural,1,200,0.8,0
5,5,natural,1,201,0.92,0
5,5,natural,1,202,0.72,1
5,5,natural,1,203,0.76,1
5,5,natural,1,204,0.92,0
5,5,natural,1,205,0.92,0
5,5,natural,1,206,0.84,0
5,5,natural,1,207,0.92,0
5,5,natural,1,208,0.88,1
5,5,natural,1,209,0.76,1
5,5,natural,1,210,0.96,0
5,5,natural,1,211,0.8,0
5,5,natural,1,212,1.0,1
5,5,natural,1,213,0.96,0
5,5,natural,1,214,0.84,0
5,5,natural,1,215,0.88,0
5,5,natural,1,216,0.92,0
5,5,natural,1,217,0.84,1
5,5,natural,1,218,0.72,1
5,5,natural,1,219,0.84,0
5,5,natural,1,220,0.56,1
5,5,natural,1,221,0.92,0
5,5,natural,1,222,0.88,0
5,5,natural,1,223,0.88,0
5,5,natural,1,224,0.92,0
5,5,natural,1,225,0.96,0
5,5,natural,1,226,0.68,0
5,5,natural,1,227,0.92,0
5,5,natural,1,228,1.0,0
5,5,natural,1,229,0.84,0
5,5,natural,1,230,0.8,0
5,5,natural,1,231,0.84,0
5,5,natural,1,232,0.92,0
5,5,natural,1,233,0.88,0
5,5,natural,1,234,0.92,0
5,5,natural,1,235,0.76,0
5,5,natural,1,236,0.88,0
5,5,natural,1,237,0.84,1
5,5,natural,1,238,0.92,0
5,5,natural,1,239,0.92,0
5,5,natural,1,240,0.96,0
5,5,natural,1,241,1.0,0
5,5,natural,1,242,0.76,0
5,5,natural,1,243,0.64,1
5,5,natural,1,244,0.76,1
5,5,natural,1,245,0.64,1
5,5,natural,1,246,0.96,0
5,5,natural,1,247,0.96,0
5,5,natural,1,248,0.88,0
5,5,natural,1,249,0.76,1
5,5,natural,1,250,0.84,1
5,5,natural,1,251,0.8,0
5,5,natural,1,252,1.0,0
5,5,natural,1,253,1.0,0
5,5,natural,1,254,1.0,0
5,5,natural,1,255,0.88,0
5,5,natural,1,256,1.0,0
5,5,natural,1,257,0.96,0
5,5,natural,1,258,0.92,0
5,5,natural,1,259,0.84,1
5,5,natural,1,260,1.0,0
5,5,natural,1,261,0.84,0
5,5,natural,1,262,0.84,0
5,5,natural,1,263,0.88,0
5,5,natural,1,264,1.0,0
5,5,natural,1,265,0.88,0
5,5,natural,1,266,0.96,0
5,5,natural,1,267,0.92,0
5,5,natural,1,268,0.92,0
5,5,natural,1,269,0.96,0
5,5,natural,1,270,0.76,0
5,5,natural,1,271,0.76,0
5,5,natural,1,272,0.8,1
5,5,natural,1,273,1.0,0
5,5,natural,1,274,0.96,0
5,5,natural,1,275,0.96,0
5,5,natural,1,276,0.92,0
5,5,natural,1,277,0.88,0
5,5,natural,1,278,1.0,0
5,5,natural,1,279,0.84,0
5,5,natural,1,280,0.8,0
5,5,natural,1,281,0.88,0
5,5,natural,1,282,0.92,0
5,5,natural,1,283,0.84,0
5,5,natural,1,284,0.92,0
5,5,natural,1,285,0.84,0
5,5,natural,1,286,0.92,1
5,5,natural,1,287,0.88,0
5,5,natural,1,288,0.76,1
5,5,natural,1,289,0.76,0
5,5,natural,1,290,0.92,0
5,5,natural,1,291,1.0,0
5,5,natural,1,292,0.68,1
5,5,natural,1,293,0.88,1
5,5,natural,1,294,0.84,0
5,5,natural,1,295,0.96,0
5,5,natural,1,296,0.84,0
5,5,natural,1,297,0.92,1
5,5,natural,1,298,0.84,0
5,5,natural,1,299,0.92,0
5,5,natural,1,300,0.88,0
5,5,natural,1,301,0.72,1
5,5,natural,1,302,0.84,0
5,5,natural,1,303,0.92,0
5,5,natural,1,304,0.88,0
5,5,natural,1,305,0.96,0
5,5,natural,1,306,0.84,0
5,5,natural,1,307,0.68,0
5,5,natural,1,308,0.76,0
5,5,natural,1,309,0.88,0
5,5,natural,1,310,0.72,1
5,5,natural,1,311,0.88,0
5,5,natural,1,312,0.8,1
5,5,natural,1,313,0.88,0
5,5,natural,1,314,0.88,0
5,5,natural,1,315,0.96,0
5,5,natural,1,316,0.88,0
5,5,natural,1,317,0.8,1
5,5,natural,1,318,0.92,0
5,5,natural,1,319,0.88,0
5,5,natural,1,320,0.84,0
5,5,natural,1,321,0.96,0
5,5,natural,1,322,1.0,0
5,5,natural,1,323,0.76,0
5,5,natural,1,324,0.84,0
5,5,natural,1,325,0.84,0
5,5,natural,1,326,0.88,0
5,5,natural,1,327,0.88,1
5,5,natural,1,328,0.56,1
5,5,natural,1,329,0.96,0
5,5,natural,1,330,0.84,1
5,5,natural,1,331,0.96,0
5,5,natural,1,332,1.0,0
5,5,natural,1,333,0.96,0
5,5,natural,1,334,0.92,0
5,5,natural,1,335,0.76,0
5,5,natural,1,336,0.8,0
5,5,natural,1,337,0.8,1
5,5,natural,1,338,0.92,0
5,5,natural,1,339,1.0,0
5,5,natural,1,340,0.92,0
5,5,natural,1,341,0.84,0
5,5,natural,1,342,0.72,1
5,5,natural,1,343,0.96,0
5,5,natural,1,344,0.88,0
5,5,natural,1,345,0.96,0
5,5,natural,1,346,0.84,0
5,5,natural,1,347,1.0,0
5,5,natural,1,348,0.76,0
5,5,natural,1,349,0.92,0
5,5,natural,1,350,0.96,0
5,5,natural,1,351,0.84,1
5,5,natural,1,352,0.88,0
5,5,natural,1,353,1.0,0
5,5,natural,1,354,0.92,0
5,5,natural,1,355,0.84,0
5,5,natural,1,356,0.96,0
5,5,natural,1,357,0.92,0
5,5,natural,1,358,0.72,1
5,5,natural,1,359,0.88,0
5,5,natural,1,360,0.96,0
5,5,natural,1,361,1.0,0
5,5,natural,1,362,0.92,0
5,5,natural,1,363,0.96,0
5,5,natural,1,364,0.88,1
5,5,natural,1,365,0.92,0
5,5,natural,1,366,1.0,0
5,5,natural,1,367,0.84,0
5,5,natural,1,368,0.92,0
5,5,natural,1,369,0.88,0
5,5,natural,1,370,0.72,1
5,5,natural,1,371,1.0,0
5,5,natural,1,372,0.84,0
5,5,natural,1,373,0.88,0
5,5,natural,1,374,1.0,0
5,5,natural,1,375,0.84,0
5,5,natural,1,376,0.84,0
5,5,natural,1,377,0.96,0
5,5,natural,1,378,0.76,0
5,5,natural,1,379,0.8,0
5,5,natural,1,380,0.88,0
5,5,natural,1,381,0.84,1
5,5,natural,1,382,0.96,0
5,5,natural,1,383,0.76,1
5,5,natural,1,384,0.84,1
5,5,natural,1,385,0.8,1
5,5,natural,1,386,0.72,0
5,5,natural,1,387,0.96,0
5,5,natural,1,388,0.88,0
5,5,natural,1,389,0.84,1
5,5,natural,1,390,0.88,1
5,5,natural,1,391,1.0,0
5,5,natural,1,392,0.88,0
5,5,natural,1,393,0.96,0
5,5,natural,1,394,0.92,0
5,5,natural,1,395,0.68,1
5,5,natural,1,396,0.84,0
5,5,natural,1,397,0.92,0
5,5,natural,1,398,1.0,0
5,5,natural,1,399,0.92,0
5,5,natural,1,400,0.84,0
5,5,natural,1,401,0.72,0
5,5,natural,1,402,0.76,1
5,5,natural,1,403,0.8,1
5,5,natural,1,404,0.84,1
5,5,natural,1,405,1.0,0
5,5,natural,1,406,0.92,0
5,5,natural,1,407,1.0,0
5,5,natural,1,408,0.8,1
5,5,natural,1,409,0.8,0
5,5,natural,1,410,0.92,0
5,5,natural,1,411,0.96,0
5,5,natural,1,412,0.96,0
5,5,natural,1,413,0.96,0
5,5,natural,1,414,0.96,0
5,5,natural,1,415,0.72,0
5,5,natural,1,416,1.0,0
5,5,natural,1,417,0.8,0
5,5,natural,1,418,0.88,0
5,5,natural,1,419,0.76,0
5,5,natural,1,420,0.92,0
5,5,natural,1,421,0.68,0
5,5,natural,1,422,1.0,0
5,5,natural,1,423,1.0,0
5,5,natural,1,424,1.0,0
5,5,natural,1,425,1.0,0
5,5,natural,1,426,0.8,0
5,5,natural,1,427,0.76,0
5,5,natural,1,428,0.84,0
5,5,natural,1,429,1.0,0
5,5,natural,1,430,0.96,0
5,5,natural,1,431,0.72,0
5,5,natural,1,432,1.0,0
5,5,natural,1,433,0.8,1
5,5,natural,1,434,0.96,0
5,5,natural,1,435,0.84,0
5,5,natural,1,436,0.96,0
5,5,natural,1,437,0.8,0
5,5,natural,1,438,0.92,0
5,5,natural,1,439,1.0,0
5,5,natural,1,440,0.88,0
5,5,natural,1,441,0.84,0
5,5,natural,1,442,1.0,0
5,5,natural,1,443,0.76,0
5,5,natural,1,444,1.0,0
5,5,natural,1,445,0.76,1
5,5,natural,1,446,0.76,0
5,5,natural,1,447,0.88,0
5,5,natural,1,448,0.8,0
5,5,natural,1,449,0.8,0
5,5,natural,1,450,0.96,0
5,5,natural,1,451,0.92,0
5,5,natural,1,452,0.96,0
5,5,natural,1,453,0.88,1
5,5,natural,1,454,0.76,0
5,5,natural,1,455,0.92,0
5,5,natural,1,456,0.92,0
5,5,natural,1,457,0.84,0
5,5,natural,1,458,0.8,0
5,5,natural,1,459,0.76,1
5,5,natural,1,460,0.84,1
5,5,natural,1,461,0.8,1
5,5,natural,1,462,1.0,0
5,5,natural,1,463,0.84,0
5,5,natural,1,464,0.88,0
5,5,natural,1,465,0.88,0
5,5,natural,1,466,0.88,0
5,5,natural,1,467,0.92,0
5,5,natural,1,468,0.92,0
5,5,natural,1,469,1.0,0
5,5,natural,1,470,1.0,0
5,5,natural,1,471,0.88,0
5,5,natural,1,472,0.96,0
5,5,natural,1,473,0.92,0
5,5,natural,1,474,0.92,0
5,5,natural,1,475,0.84,0
5,5,natural,1,476,0.92,0
5,5,natural,1,477,1.0,0
5,5,natural,1,478,0.76,0
5,5,natural,1,479,0.88,0
5,5,natural,1,480,0.96,0
5,5,natural,1,481,0.76,0
5,5,natural,1,482,1.0,0
5,5,natural,1,483,0.92,0
5,5,natural,1,484,0.84,0
5,5,natural,1,485,0.8,0
5,5,natural,1,486,0.76,1
5,5,natural,1,487,0.84,0
5,5,natural,1,488,0.84,0
5,5,natural,1,489,1.0,0
5,5,natural,1,490,0.76,0
5,5,natural,1,491,0.88,0
5,5,natural,1,492,0.88,0
5,5,natural,1,493,0.8,0
5,5,natural,1,494,0.96,0
5,5,natural,1,495,0.76,0
5,5,natural,1,496,0.96,0
5,5,natural,1,497,1.0,0
5,5,natural,1,498,0.8,0
5,5,natural,1,499,0.96,0
5,5,natural,2,0,0.64,1
5,5,natural,2,1,0.72,1
5,5,natural,2,2,1.0,0
5,5,natural,2,3,0.84,0
5,5,natural,2,4,0.84,0
5,5,natural,2,5,0.84,0
5,5,natural,2,6,0.92,0
5,5,natural,2,7,0.96,0
5,5,natural,2,8,0.96,0
5,5,natural,2,9,0.96,0
5,5,natural,2,10,0.88,0
5,5,natural,2,11,0.84,0
5,5,natural,2,12,0.84,0
5,5,natural,2,13,0.88,0
5,5,natural,2,14,0.88,0
5,5,natural,2,15,0.88,0
5,5,natural,2,16,0.92,0
5,5,natural,2,17,0.84,0
5,5,natural,2,18,1.0,0
5,5,natural,2,19,1.0,0
5,5,natural,2,20,0.8,1
5,5,natural,2,21,0.8,0
5,5,natural,2,22,1.0,0
5,5,natural,2,23,0.88,0
5,5,natural,2,24,1.0,0
5,5,natural,2,25,0.84,0
5,5,natural,2,26,1.0,0
5,5,natural,2,27,0.96,0
5,5,natural,2,28,0.92,0
5,5,natural,2,29,0.96,0
5,5,natural,2,30,0.92,0
5,5,natural,2,31,0.88,0
5,5,natural,2,32,1.0,0
5,5,natural,2,33,1.0,0
5,5,natural,2,34,1.0,0
5,5,natural,2,35,0.76,1
5,5,natural,2,36,0.92,0
5,5,natural,2,37,0.88,0
5,5,natural,2,38,0.88,0
5,5,natural,2,39,0.76,1
5,5,natural,2,40,0.96,0
5,5,natural,2,41,0.96,1
5,5,natural,2,42,0.92,0
5,5,natural,2,43,0.68,0
5,5,natural,2,44,0.76,1
5,5,natural,2,45,0.72,0
5,5,natural,2,46,0.96,0
5,5,natural,2,47,0.76,1
5,5,natural,2,48,0.88,0
5,5,natural,2,49,0.88,0
5,5,natural,2,50,1.0,0
5,5,natural,2,51,0.8,0
5,5,natural,2,52,0.72,1
5,5,natural,2,53,0.92,0
5,5,natural,2,54,0.92,0
5,5,natural,2,55,1.0,0
5,5,natural,2,56,0.96,0
5,5,natural,2,57,0.88,0
5,5,natural,2,58,1.0,0
5,5,natural,2,59,0.96,0
5,5,natural,2,60,0.8,1
5,5,natural,2,61,0.92,0
5,5,natural,2,62,0.96,0
5,5,natural,2,63,1.0,0
5,5,natural,2,64,0.96,0
5,5,natural,2,65,0.84,1
5,5,natural,2,66,0.84,0
5,5,natural,2,67,0.92,1
5,5,natural,2,68,0.88,0
5,5,natural,2,69,1.0,0
5,5,natural,2,70,0.84,0
5,5,natural,2,71,0.92,0
5,5,natural,2,72,0.88,0
5,5,natural,2,73,1.0,0
5,5,natural,2,74,0.84,0
5,5,natural,2,75,0.88,0
5,5,natural,2,76,0.96,0
5,5,natural,2,77,0.88,0
5,5,natural,2,78,0.92,0
5,5,natural,2,79,0.6,1
5,5,natural,2,80,0.88,0
5,5,natural,2,81,0.88,0
5,5,natural,2,82,0.88,0
5,5,natural,2,83,0.72,0
5,5,natural,2,84,0.76,1
5,5,natural,2,85,0.92,0
5,5,natural,2,86,0.84,0
5,5,natural,2,87,0.8,0
5,5,natural,2,88,0.92,0
5,5,natural,2,89,0.92,0
5,5,natural,2,90,0.84,0
5,5,natural,2,91,0.96,0
5,5,natural,2,92,0.8,0
5,5,natural,2,93,0.72,0
5,5,natural,2,94,0.88,0
5,5,natural,2,95,0.72,0
5,5,natural,2,96,0.8,0
5,5,natural,2,97,0.88,0
5,5,natural,2,98,0.96,0
5,5,natural,2,99,0.8,1
5,5,natural,2,100,0.92,0
5,5,natural,2,101,0.84,0
5,5,natural,2,102,0.92,0
5,5,natural,2,103,0.92,0
5,5,natural,2,104,0.76,0
5,5,natural,2,105,0.96,0
5,5,natural,2,106,0.96,0
5,5,natural,2,107,0.92,0
5,5,natural,2,108,0.92,0
5,5,natural,2,109,0.76,0
5,5,natural,2,110,0.96,0
5,5,natural,2,111,0.72,0
5,5,natural,2,112,0.96,1
5,5,natural,2,113,0.96,0
5,5,natural,2,114,0.76,0
5,5,natural,2,115,0.96,0
5,5,natural,2,116,0.92,1
5,5,natural,2,117,0.8,0
5,5,natural,2,118,0.52,1
5,5,natural,2,119,0.72,0
5,5,natural,2,120,0.96,0
5,5,natural,2,121,0.88,0
5,5,natural,2,122,0.8,0
5,5,natural,2,123,0.92,0
5,5,natural,2,124,0.88,0
5,5,natural,2,125,1.0,0
5,5,natural,2,126,0.96,0
5,5,natural,2,127,0.84,0
5,5,natural,2,128,0.88,0
5,5,natural,2,129,0.64,1
5,5,natural,2,130,0.96,0
5,5,natural,2,131,0.92,0
5,5,natural,2,132,0.92,0
5,5,natural,2,133,0.92,0
5,5,natural,2,134,0.72,1
5,5,natural,2,135,0.96,0
5,5,natural,2,136,0.8,0
5,5,natural,2,137,1.0,0
5,5,natural,2,138,0.92,0
5,5,natural,2,139,1.0,0
5,5,natural,2,140,0.88,0
5,5,natural,2,141,0.92,0
5,5,natural,2,142,0.84,0
5,5,natural,2,143,0.88,1
5,5,natural,2,144,0.88,1
5,5,natural,2,145,0.88,0
5,5,natural,2,146,0.96,0
5,5,natural,2,147,1.0,0
5,5,natural,2,148,0.88,0
5,5,natural,2,149,0.8,1
5,5,natural,2,150,0.92,0
5,5,natural,2,151,0.84,1
5,5,natural,2,152,0.76,0
5,5,natural,2,153,0.88,0
5,5,natural,2,154,0.92,0
5,5,natural,2,155,0.8,1
5,5,natural,2,156,0.92,0
5,5,natural,2,157,0.84,0
5,5,natural,2,158,0.92,0
5,5,natural,2,159,0.88,0
5,5,natural,2,160,0.72,0
5,5,natural,2,161,0.76,0
5,5,natural,2,162,0.48,1
5,5,natural,2,163,0.92,0
5,5,natural,2,164,0.68,0
5,5,natural,2,165,0.96,0
5,5,natural,2,166,0.96,0
5,5,natural,2,167,0.84,0
5,5,natural,2,168,0.84,0
5,5,natural,2,169,0.72,0
5,5,natural,2,170,0.96,0
5,5,natural,2,171,0.96,0
5,5,natural,2,172,0.88,0
5,5,natural,2,173,0.84,0
5,5,natural,2,174,0.96,0
5,5,natural,2,175,0.84,0
5,5,natural,2,176,1.0,0
5,5,natural,2,177,0.96,0
5,5,natural,2,178,1.0,0
5,5,natural,2,179,0.68,1
5,5,natural,2,180,0.92,0
5,5,natural,2,181,0.92,0
5,5,natural,2,182,1.0,0
5,5,natural,2,183,0.64,1
5,5,natural,2,184,0.88,0
5,5,natural,2,185,0.8,1
5,5,natural,2,186,0.88,0
5,5,natural,2,187,0.96,0
5,5,natural,2,188,0.76,1
5,5,natural,2,189,0.88,1
5,5,natural,2,190,0.84,0
5,5,natural,2,191,0.88,0
5,5,natural,2,192,0.92,0
5,5,natural,2,193,0.84,0
5,5,natural,2,194,0.96,0
5,5,natural,2,195,0.96,0
5,5,natural,2,196,0.96,0
5,5,natural,2,197,0.88,0
5,5,natural,2,198,1.0,0
5,5,natural,2,199,0.88,0
5,5,natural,2,200,0.92,0
5,5,natural,2,201,0.72,0
5,5,natural,2,202,0.52,1
5,5,natural,2,203,0.8,0
5,5,natural,2,204,0.68,1
5,5,natural,2,205,0.72,1
5,5,natural,2,206,0.92,0
5,5,natural,2,207,0.8,0
5,5,natural,2,208,0.84,0
5,5,natural,2,209,0.84,1
5,5,natural,2,210,1.0,0
5,5,natural,2,211,0.84,1
5,5,natural,2,212,0.96,0
5,5,natural,2,213,0.84,1
5,5,natural,2,214,0.8,1
5,5,natural,2,215,0.76,0
5,5,natural,2,216,0.84,1
5,5,natural,2,217,0.84,0
5,5,natural,2,218,0.76,0
5,5,natural,2,219,0.92,0
5,5,natural,2,220,0.96,0
5,5,natural,2,221,1.0,0
5,5,natural,2,222,0.92,0
5,5,natural,2,223,0.96,0
5,5,natural,2,224,0.68,0
5,5,natural,2,225,0.6,1
5,5,natural,2,226,0.84,0
5,5,natural,2,227,0.88,1
5,5,natural,2,228,0.96,0
5,5,natural,2,229,0.64,1
5,5,natural,2,230,0.88,0
5,5,natural,2,231,0.92,0
5,5,natural,2,232,0.84,0
5,5,natural,2,233,0.84,1
5,5,natural,2,234,0.96,0
5,5,natural,2,235,0.92,0
5,5,natural,2,236,0.92,0
5,5,natural,2,237,0.96,0
5,5,natural,2,238,0.64,0
5,5,natural,2,239,0.92,0
5,5,natural,2,240,0.96,0
5,5,natural,2,241,0.88,0
5,5,natural,2,242,0.8,0
5,5,natural,2,243,1.0,0
5,5,natural,2,244,1.0,0
5,5,natural,2,245,0.92,0
5,5,natural,2,246,0.92,0
5,5,natural,2,247,0.96,0
5,5,natural,2,248,0.8,0
5,5,natural,2,249,0.96,0
5,5,natural,2,250,0.68,1
5,5,natural,2,251,0.88,0
5,5,natural,2,252,0.76,1
5,5,natural,2,253,0.96,0
5,5,natural,2,254,0.96,0
5,5,natural,2,255,0.72,1
5,5,natural,2,256,0.84,0
5,5,natural,2,257,0.96,0
5,5,natural,2,258,0.76,0
5,5,natural,2,259,0.84,0
5,5,natural,2,260,0.84,1
5,5,natural,2,261,0.92,1
5,5,natural,2,262,0.88,0
5,5,natural,2,263,0.88,0
5,5,natural,2,264,0.8,1
5,5,natural,2,265,0.96,0
5,5,natural,2,266,0.96,0
5,5,natural,2,267,1.0,0
5,5,natural,2,268,0.88,0
5,5,natural,2,269,0.8,0
5,5,natural,2,270,0.88,1
5,5,natural,2,271,0.84,0
5,5,natural,2,272,0.8,1
5,5,natural,2,273,0.92,0
5,5,natural,2,274,0.92,0
5,5,natural,2,275,0.92,0
5,5,natural,2,276,0.76,1
5,5,natural,2,277,0.72,1
5,5,natural,2,278,1.0,0
5,5,natural,2,279,0.84,1
5,5,natural,2,280,0.96,0
5,5,natural,2,281,0.8,0
5,5,natural,2,282,0.76,1
5,5,natural,2,283,0.96,0
5,5,natural,2,284,1.0,0
5,5,natural,2,285,0.84,0
5,5,natural,2,286,0.96,0
5,5,natural,2,287,0.76,0
5,5,natural,2,288,0.92,0
5,5,natural,2,289,0.92,0
5,5,natural,2,290,0.84,1
5,5,natural,2,291,0.72,0
5,5,natural,2,292,0.84,0
5,5,natural,2,293,0.88,0
5,5,natural,2,294,0.84,0
5,5,natural,2,295,0.8,0
5,5,natural,2,296,0.8,0
5,5,natural,2,297,0.8,1
5,5,natural,2,298,0.88,0
5,5,natural,2,299,1.0,0
5,5,natural,2,300,0.92,0
5,5,natural,2,301,1.0,0
5,5,natural,2,302,1.0,0
5,5,natural,2,303,0.96,0
5,5,natural,2,304,0.88,0
5,5,natural,2,305,0.72,1
5,5,natural,2,306,0.96,0
5,5,natural,2,307,0.88,0
5,5,natural,2,308,0.96,0
5,5,natural,2,309,1.0,0
5,5,natural,2,310,0.84,0
5,5,natural,2,311,0.84,1
5,5,natural,2,312,1.0,0
5,5,natural,2,313,0.88,0
5,5,natural,2,314,0.96,0
5,5,natural,2,315,0.88,0
5,5,natural,2,316,1.0,0
5,5,natural,2,317,0.84,1
5,5,natural,2,318,0.76,1
5,5,natural,2,319,0.92,0
5,5,natural,2,320,0.92,0
5,5,natural,2,321,0.8,1
5,5,natural,2,322,0.96,0
5,5,natural,2,323,0.88,0
5,5,natural,2,324,0.96,0
5,5,natural,2,325,0.76,1
5,5,natural,2,326,0.84,0
5,5,natural,2,327,0.96,0
5,5,natural,2,328,0.88,0
5,5,natural,2,329,0.88,1
5,5,natural,2,330,0.96,0
5,5,natural,2,331,0.76,1
5,5,natural,2,332,0.84,0
5,5,natural,2,333,0.88,0
5,5,natural,2,334,0.84,0
5,5,natural,2,335,0.92,0
5,5,natural,2,336,0.92,0
5,5,natural,2,337,0.8,0
5,5,natural,2,338,0.92,0
5,5,natural,2,339,0.92,1
5,5,natural,2,340,0.92,0
5,5,natural,2,341,0.84,0
5,5,natural,2,342,1.0,0
5,5,natural,2,343,0.76,1
5,5,natural,2,344,1.0,0
5,5,natural,2,345,0.88,1
5,5,natural,2,346,0.88,0
5,5,natural,2,347,0.8,0
5,5,natural,2,348,0.96,0
5,5,natural,2,349,0.84,0
5,5,natural,2,350,0.92,0
5,5,natural,2,351,0.64,1
5,5,natural,2,352,0.76,1
5,5,natural,2,353,0.84,1
5,5,natural,2,354,0.92,0
5,5,natural,2,355,0.76,1
5,5,natural,2,356,0.92,0
5,5,natural,2,357,0.96,0
5,5,natural,2,358,0.76,0
5,5,natural,2,359,0.92,0
5,5,natural,2,360,0.88,0
5,5,natural,2,361,0.92,0
5,5,natural,2,362,1.0,0
5,5,natural,2,363,0.96,0
5,5,natural,2,364,0.76,0
5,5,natural,2,365,0.96,0
5,5,natural,2,366,0.96,0
5,5,natural,2,367,0.88,0
5,5,natural,2,368,0.8,0
5,5,natural,2,369,0.88,0
5,5,natural,2,370,1.0,0
5,5,natural,2,371,0.88,0
5,5,natural,2,372,0.92,0
5,5,natural,2,373,0.96,0
5,5,natural,2,374,0.88,0
5,5,natural,2,375,1.0,0
5,5,natural,2,376,0.92,0
5,5,natural,2,377,0.96,0
5,5,natural,2,378,0.92,0
5,5,natural,2,379,0.92,0
5,5,natural,2,380,0.84,0
5,5,natural,2,381,1.0,0
5,5,natural,2,382,0.96,0
5,5,natural,2,383,0.92,0
5,5,natural,2,384,0.88,0
5,5,natural,2,385,0.92,0
5,5,natural,2,386,0.96,0
5,5,natural,2,387,0.92,0
5,5,natural,2,388,0.6,1
5,5,natural,2,389,1.0,0
5,5,natural,2,390,0.76,0
5,5,natural,2,391,0.88,0
5,5,natural,2,392,0.88,1
5,5,natural,2,393,0.92,0
5,5,natural,2,394,1.0,0
5,5,natural,2,395,0.84,0
5,5,natural,2,396,0.92,0
5,5,natural,2,397,0.92,0
5,5,natural,2,398,0.84,0
5,5,natural,2,399,0.76,1
5,5,natural,2,400,0.88,0
5,5,natural,2,401,0.68,1
5,5,natural,2,402,0.88,0
5,5,natural,2,403,0.92,0
5,5,natural,2,404,1.0,0
5,5,natural,2,405,0.92,0
5,5,natural,2,406,0.76,1
5,5,natural,2,407,0.72,1
5,5,natural,2,408,0.88,0
5,5,natural,2,409,1.0,0
5,5,natural,2,410,0.8,1
5,5,natural,2,411,0.8,1
5,5,natural,2,412,1.0,0
5,5,natural,2,413,1.0,0
5,5,natural,2,414,0.96,0
5,5,natural,2,415,0.88,0
5,5,natural,2,416,0.72,1
5,5,natural,2,417,0.88,0
5,5,natural,2,418,0.88,0
5,5,natural,2,419,0.92,0
5,5,natural,2,420,0.76,1
5,5,natural,2,421,0.88,0
5,5,natural,2,422,1.0,0
5,5,natural,2,423,0.88,0
5,5,natural,2,424,0.72,1
5,5,natural,2,425,0.72,0
5,5,natural,2,426,0.92,0
5,5,natural,2,427,1.0,0
5,5,natural,2,428,0.8,0
5,5,natural,2,429,0.56,1
5,5,natural,2,430,0.96,0
5,5,natural,2,431,0.96,0
5,5,natural,2,432,0.84,1
5,5,natural,2,433,0.84,1
5,5,natural,2,434,0.96,0
5,5,natural,2,435,0.84,0
5,5,natural,2,436,0.76,0
5,5,natural,2,437,0.96,0
5,5,natural,2,438,0.84,0
5,5,natural,2,439,0.76,1
5,5,natural,2,440,1.0,0
5,5,natural,2,441,1.0,0
5,5,natural,2,442,0.84,0
5,5,natural,2,443,1.0,0
5,5,natural,2,444,0.76,0
5,5,natural,2,445,0.8,0
5,5,natural,2,446,0.84,0
5,5,natural,2,447,0.88,0
5,5,natural,2,448,1.0,0
5,5,natural,2,449,0.96,0
5,5,natural,2,450,0.8,0
5,5,natural,2,451,0.68,1
5,5,natural,2,452,0.72,1
5,5,natural,2,453,1.0,0
5,5,natural,2,454,0.84,0
5,5,natural,2,455,0.76,1
5,5,natural,2,456,0.92,0
5,5,natural,2,457,0.96,0
5,5,natural,2,458,0.96,0
5,5,natural,2,459,0.88,0
5,5,natural,2,460,0.84,1
5,5,natural,2,461,0.96,0
5,5,natural,2,462,0.96,0
5,5,natural,2,463,0.92,0
5,5,natural,2,464,0.96,0
5,5,natural,2,465,0.92,0
5,5,natural,2,466,0.96,0
5,5,natural,2,467,1.0,0
5,5,natural,2,468,0.68,0
5,5,natural,2,469,0.96,0
5,5,natural,2,470,0.88,0
5,5,natural,2,471,0.88,0
5,5,natural,2,472,0.96,0
5,5,natural,2,473,0.64,0
5,5,natural,2,474,0.88,0
5,5,natural,2,475,0.84,1
5,5,natural,2,476,0.76,0
5,5,natural,2,477,0.84,1
5,5,natural,2,478,0.84,0
5,5,natural,2,479,0.8,0
5,5,natural,2,480,0.84,0
5,5,natural,2,481,0.8,0
5,5,natural,2,482,0.96,0
5,5,natural,2,483,0.76,1
5,5,natural,2,484,0.92,0
5,5,natural,2,485,0.88,0
5,5,natural,2,486,0.64,1
5,5,natural,2,487,0.96,0
5,5,natural,2,488,0.8,0
5,5,natural,2,489,0.8,1
5,5,natural,2,490,0.76,1
5,5,natural,2,491,1.0,0
5,5,natural,2,492,1.0,0
5,5,natural,2,493,0.96,0
5,5,natural,2,494,0.76,0
5,5,natural,2,495,0.96,0
5,5,natural,2,496,0.96,0
5,5,natural,2,497,0.76,1
5,5,natural,2,498,0.92,0
5,5,natural,2,499,0.96,0
5,5,natural,3,0,0.92,0
5,5,natural,3,1,0.92,0
5,5,natural,3,2,0.84,0
5,5,natural,3,3,1.0,0
5,5,natural,3,4,0.84,0
5,5,natural,3,5,0.88,0
5,5,natural,3,6,0.96,0
5,5,natural,3,7,0.96,0
5,5,natural,3,8,0.84,0
5,5,natural,3,9,0.88,0
5,5,natural,3,10,0.96,0
5,5,natural,3,11,0.92,0
5,5,natural,3,12,0.8,0
5,5,natural,3,13,0.96,0
5,5,natural,3,14,0.84,0
5,5,natural,3,15,0.8,1
5,5,natural,3,16,0.88,0
5,5,natural,3,17,0.88,0
5,5,natural,3,18,0.72,0
5,5,natural,3,19,0.96,0
5,5,natural,3,20,0.92,0
5,5,natural,3,21,0.88,1
5,5,natural,3,22,0.92,0
5,5,natural,3,23,0.76,1
5,5,natural,3,24,0.96,0
5,5,natural,3,25,1.0,0
5,5,natural,3,26,0.92,0
5,5,natural,3,27,0.88,0
5,5,natural,3,28,0.8,0
5,5,natural,3,29,0.76,0
5,5,natural,3,30,0.88,0
5,5,natural,3,31,1.0,0
5,5,natural,3,32,1.0,0
5,5,natural,3,33,0.88,0
5,5,natural,3,34,0.96,0
5,5,natural,3,35,0.88,0
5,5,natural,3,36,0.84,1
5,5,natural,3,37,0.96,0
5,5,natural,3,38,0.92,0
5,5,natural,3,39,0.92,0
5,5,natural,3,40,0.96,0
5,5,natural,3,41,0.8,0
5,5,natural,3,42,0.76,0
5,5,natural,3,43,0.96,0
5,5,natural,3,44,1.0,0
5,5,natural,3,45,0.96,0
5,5,natural,3,46,0.8,0
5,5,natural,3,47,0.96,0
5,5,natural,3,48,0.96,0
5,5,natural,3,49,0.84,0
5,5,natural,3,50,0.84,0
5,5,natural,3,51,1.0,0
5,5,natural,3,52,1.0,0
5,5,natural,3,53,0.84,0
5,5,natural,3,54,0.8,0
5,5,natural,3,55,1.0,0
5,5,natural,3,56,0.8,0
5,5,natural,3,57,0.96,0
5,5,natural,3,58,0.8,0
5,5,natural,3,59,0.84,1
5,5,natural,3,60,0.84,0
5,5,natural,3,61,0.84,0
5,5,natural,3,62,0.96,0
5,5,natural,3,63,0.6,1
5,5,natural,3,64,0.84,0
5,5,natural,3,65,0.92,0
5,5,natural,3,66,0.88,0
5,5,natural,3,67,0.92,0
5,5,natural,3,68,0.88,1
5,5,natural,3,69,0.72,0
5,5,natural,3,70,1.0,0
5,5,natural,3,71,0.84,0
5,5,natural,3,72,1.0,0
5,5,natural,3,73,0.96,0
5,5,natural,3,74,0.88,0
5,5,natural,3,75,0.76,0
5,5,natural,3,76,0.88,0
5,5,natural,3,77,0.8,0
5,5,natural,3,78,0.88,0
5,5,natural,3,79,0.96,0
5,5,natural,3,80,0.88,0
5,5,natural,3,81,0.92,0
5,5,natural,3,82,0.88,0
5,5,natural,3,83,0.8,1
5,5,natural,3,84,0.8,0
5,5,natural,3,85,0.96,0
5,5,natural,3,86,1.0,0
5,5,natural,3,87,0.92,0
5,5,natural,3,88,0.84,0
5,5,natural,3,89,1.0,0
5,5,natural,3,90,0.88,0
5,5,natural,3,91,0.92,0
5,5,natural,3,92,0.96,0
5,5,natural,3,93,0.96,0
5,5,natural,3,94,0.92,0
5,5,natural,3,95,0.92,0
5,5,natural,3,96,1.0,0
5,5,natural,3,97,0.92,0
5,5,natural,3,98,0.72,0
5,5,natural,3,99,0.88,0
5,5,natural,3,100,0.68,1
5,5,natural,3,101,0.84,0
5,5,natural,3,102,0.88,0
5,5,natural,3,103,0.88,0
5,5,natural,3,104,0.84,1
5,5,natural,3,105,0.8,0
5,5,natural,3,106,0.88,0
5,5,natural,3,107,0.96,0
5,5,natural,3,108,0.96,0
5,5,natural,3,109,0.92,0
5,5,natural,3,110,0.76,0
5,5,natural,3,111,0.96,0
5,5,natural,3,112,0.84,1
5,5,natural,3,113,0.72,1
5,5,natural,3,114,0.92,1
5,5,natural,3,115,0.84,0
5,5,natural,3,116,0.92,0
5,5,natural,3,117,0.88,0
5,5,natural,3,118,0.92,0
5,5,natural,3,119,0.76,0
5,5,natural,3,120,0.76,0
5,5,natural,3,121,0.64,1
5,5,natural,3,122,0.92,0
5,5,natural,3,123,0.8,0
5,5,natural,3,124,0.96,0
5,5,natural,3,125,0.88,0
5,5,natural,3,126,0.96,0
5,5,natural,3,127,1.0,0
5,5,natural,3,128,0.84,0
5,5,natural,3,129,0.88,0
5,5,natural,3,130,0.96,0
5,5,natural,3,131,0.84,0
5,5,natural,3,132,0.8,0
5,5,natural,3,133,0.96,0
5,5,natural,3,134,0.92,0
5,5,natural,3,135,0.72,0
5,5,natural,3,136,0.96,0
5,5,natural,3,137,0.88,0
5,5,natural,3,138,0.88,0
5,5,natural,3,139,0.88,0
5,5,natural,3,140,0.84,1
5,5,natural,3,141,1.0,0
5,5,natural,3,142,0.92,0
5,5,natural,3,143,0.76,0
5,5,natural,3,144,0.84,0
5,5,natural,3,145,0.88,0
5,5,natural,3,146,0.88,0
5,5,natural,3,147,1.0,0
5,5,natural,3,148,0.8,0
5,5,natural,3,149,0.84,0
5,5,natural,3,150,0.92,0
5,5,natural,3,151,0.88,0
5,5,natural,3,152,0.84,0
5,5,natural,3,153,0.96,0
5,5,natural,3,154,0.96,0
5,5,natural,3,155,0.96,0
5,5,natural,3,156,0.96,0
5,5,natural,3,157,0.88,0
5,5,natural,3,158,0.72,1
5,5,natural,3,159,0.92,0
5,5,natural,3,160,0.84,0
5,5,natural,3,161,0.92,0
5,5,natural,3,162,0.96,1
5,5,natural,3,163,0.88,0
5,5,natural,3,164,0.84,0
5,5,natural,3,165,0.92,0
5,5,natural,3,166,1.0,0
5,5,natural,3,167,0.8,0
5,5,natural,3,168,0.96,0
5,5,natural,3,169,0.92,0
5,5,natural,3,170,0.88,0
5,5,natural,3,171,0.92,0
5,5,natural,3,172,0.88,1
5,5,natural,3,173,0.96,0
5,5,natural,3,174,0.8,0
5,5,natural,3,175,0.92,0
5,5,natural,3,176,0.96,0
5,5,natural,3,177,0.72,0
5,5,natural,3,178,0.76,1
5,5,natural,3,179,0.96,0
5,5,natural,3,180,0.8,0
5,5,natural,3,181,0.92,0
5,5,natural,3,182,0.44,1
5,5,natural,3,183,0.88,0
5,5,natural,3,184,0.8,0
5,5,natural,3,185,1.0,0
5,5,natural,3,186,1.0,0
5,5,natural,3,187,0.88,0
5,5,natural,3,188,0.68,1
5,5,natural,3,189,1.0,0
5,5,natural,3,190,0.92,0
5,5,natural,3,191,1.0,0
5,5,natural,3,192,0.96,0
5,5,natural,3,193,0.96,0
5,5,natural,3,194,0.96,0
5,5,natural,3,195,0.56,1
5,5,natural,3,196,0.96,0
5,5,natural,3,197,0.88,0
5,5,natural,3,198,0.96,0
5,5,natural,3,199,0.48,1
5,5,natural,3,200,0.84,0
5,5,natural,3,201,0.88,0
5,5,natural,3,202,0.64,1
5,5,natural,3,203,0.96,0
5,5,natural,3,204,0.8,1
5,5,natural,3,205,0.88,0
5,5,natural,3,206,0.96,0
5,5,natural,3,207,0.76,0
5,5,natural,3,208,0.92,0
5,5,natural,3,209,1.0,0
5,5,natural,3,210,0.88,0
5,5,natural,3,211,0.96,0
5,5,natural,3,212,0.8,1
5,5,natural,3,213,0.96,0
5,5,natural,3,214,0.8,0
5,5,natural,3,215,0.88,0
5,5,natural,3,216,0.88,0
5,5,natural,3,217,1.0,0
5,5,natural,3,218,0.84,0
5,5,natural,3,219,0.96,0
5,5,natural,3,220,0.8,0
5,5,natural,3,221,0.96,0
5,5,natural,3,222,1.0,0
5,5,natural,3,223,0.84,0
5,5,natural,3,224,0.96,0
5,5,natural,3,225,1.0,0
5,5,natural,3,226,1.0,0
5,5,natural,3,227,0.92,0
5,5,natural,3,228,0.68,0
5,5,natural,3,229,0.76,0
5,5,natural,3,230,1.0,0
5,5,natural,3,231,0.92,0
5,5,natural,3,232,0.76,1
5,5,natural,3,233,0.92,0
5,5,natural,3,234,0.96,0
5,5,natural,3,235,0.68,1
5,5,natural,3,236,0.96,0
5,5,natural,3,237,0.96,0
5,5,natural,3,238,1.0,0
5,5,natural,3,239,1.0,0
5,5,natural,3,240,0.64,1
5,5,natural,3,241,0.96,0
5,5,natural,3,242,0.76,0
5,5,natural,3,243,0.8,0
5,5,natural,3,244,0.92,0
5,5,natural,3,245,0.84,0
5,5,natural,3,246,0.92,0
5,5,natural,3,247,0.84,0
5,5,natural,3,248,0.92,0
5,5,natural,3,249,0.92,0
5,5,natural,3,250,0.52,0
5,5,natural,3,251,0.76,0
5,5,natural,3,252,1.0,0
5,5,natural,3,253,0.92,0
5,5,natural,3,254,0.92,1
5,5,natural,3,255,0.92,0
5,5,natural,3,256,0.76,0
5,5,natural,3,257,1.0,0
5,5,natural,3,258,0.84,1
5,5,natural,3,259,0.88,0
5,5,natural,3,260,0.8,0
5,5,natural,3,261,0.88,0
5,5,natural,3,262,0.72,1
5,5,natural,3,263,1.0,0
5,5,natural,3,264,0.8,1
5,5,natural,3,265,0.92,0
5,5,natural,3,266,1.0,0
5,5,natural,3,267,0.8,1
5,5,natural,3,268,0.8,0
5,5,natural,3,269,0.96,0
5,5,natural,3,270,0.8,0
5,5,natural,3,271,0.84,0
5,5,natural,3,272,0.84,0
5,5,natural,3,273,0.96,0
5,5,natural,3,274,0.88,0
5,5,natural,3,275,0.72,1
5,5,natural,3,276,0.96,0
5,5,natural,3,277,0.8,1
5,5,natural,3,278,1.0,0
5,5,natural,3,279,0.88,0
5,5,natural,3,280,0.88,1
5,5,natural,3,281,0.92,0
5,5,natural,3,282,0.88,0
5,5,natural,3,283,0.96,0
5,5,natural,3,284,0.84,0
5,5,natural,3,285,0.72,1
5,5,natural,3,286,0.88,1
5,5,natural,3,287,0.84,1
5,5,natural,3,288,0.84,0
5,5,natural,3,289,0.88,0
5,5,natural,3,290,0.8,1
5,5,natural,3,291,0.88,0
5,5,natural,3,292,0.88,1
5,5,natural,3,293,0.8,0
5,5,natural,3,294,0.92,0
5,5,natural,3,295,0.8,0
5,5,natural,3,296,0.96,0
5,5,natural,3,297,0.92,0
5,5,natural,3,298,0.92,0
5,5,natural,3,299,0.92,0
5,5,natural,3,300,0.72,1
5,5,natural,3,301,0.96,0
5,5,natural,3,302,0.96,0
5,5,natural,3,303,0.84,0
5,5,natural,3,304,0.96,0
5,5,natural,3,305,0.76,0
5,5,natural,3,306,0.68,0
5,5,natural,3,307,0.96,0
5,5,natural,3,308,0.88,0
5,5,natural,3,309,0.8,0
5,5,natural,3,310,0.88,1
5,5,natural,3,311,0.64,1
5,5,natural,3,312,0.8,0
5,5,natural,3,313,0.92,0
5,5,natural,3,314,0.84,1
5,5,natural,3,315,0.88,0
5,5,natural,3,316,0.92,0
5,5,natural,3,317,0.96,0
5,5,natural,3,318,0.88,0
5,5,natural,3,319,0.84,0
5,5,natural,3,320,1.0,0
5,5,natural,3,321,0.96,0
5,5,natural,3,322,0.96,0
5,5,natural,3,323,0.92,0
5,5,natural,3,324,0.88,0
5,5,natural,3,325,0.88,0
5,5,natural,3,326,0.88,1
5,5,natural,3,327,0.96,1
5,5,natural,3,328,0.92,0
5,5,natural,3,329,0.8,0
5,5,natural,3,330,0.96,0
5,5,natural,3,331,0.92,0
5,5,natural,3,332,0.84,0
5,5,natural,3,333,0.88,0
5,5,natural,3,334,0.92,0
5,5,natural,3,335,1.0,0
5,5,natural,3,336,0.92,0
5,5,natural,3,337,1.0,0
5,5,natural,3,338,0.88,0
5,5,natural,3,339,0.76,1
5,5,natural,3,340,0.8,1
5,5,natural,3,341,0.96,0
5,5,natural,3,342,0.96,0
5,5,natural,3,343,0.8,1
5,5,natural,3,344,1.0,0
5,5,natural,3,345,0.88,0
5,5,natural,3,346,0.92,0
5,5,natural,3,347,0.88,0
5,5,natural,3,348,0.76,0
5,5,natural,3,349,0.88,0
5,5,natural,3,350,0.92,0
5,5,natural,3,351,0.84,0
5,5,natural,3,352,0.76,0
5,5,natural,3,353,0.92,0
5,5,natural,3,354,0.96,0
5,5,natural,3,355,0.84,1
5,5,natural,3,356,0.84,0
5,5,natural,3,357,0.92,0
5,5,natural,3,358,0.88,0
5,5,natural,3,359,0.72,0
5,5,natural,3,360,0.88,0
5,5,natural,3,361,0.96,0
5,5,natural,3,362,0.88,0
5,5,natural,3,363,0.96,0
5,5,natural,3,364,0.92,0
5,5,natural,3,365,0.92,0
5,5,natural,3,366,0.92,0
5,5,natural,3,367,0.92,0
5,5,natural,3,368,1.0,0
5,5,natural,3,369,1.0,0
5,5,natural,3,370,0.88,0
5,5,natural,3,371,0.88,0
5,5,natural,3,372,0.96,0
5,5,natural,3,373,0.76,1
5,5,natural,3,374,0.88,1
5,5,natural,3,375,0.92,0
5,5,natural,3,376,0.68,0
5,5,natural,3,377,0.84,1
5,5,natural,3,378,0.92,0
5,5,natural,3,379,0.92,0
5,5,natural,3,380,0.84,0
5,5,natural,3,381,0.68,1
5,5,natural,3,382,0.92,0
5,5,natural,3,383,1.0,0
5,5,natural,3,384,0.88,0
5,5,natural,3,385,0.92,0
5,5,natural,3,386,0.8,0
5,5,natural,3,387,0.88,0
5,5,natural,3,388,0.92,0
5,5,natural,3,389,0.76,0
5,5,natural,3,390,0.88,0
5,5,natural,3,391,0.68,0
5,5,natural,3,392,1.0,0
5,5,natural,3,393,0.72,1
5,5,natural,3,394,0.88,0
5,5,natural,3,395,0.96,0
5,5,natural,3,396,0.72,0
5,5,natural,3,397,0.8,1
5,5,natural,3,398,0.8,1
5,5,natural,3,399,0.92,0
5,5,natural,3,400,0.84,0
5,5,natural,3,401,0.96,0
5,5,natural,3,402,0.76,0
5,5,natural,3,403,0.92,0
5,5,natural,3,404,0.96,0
5,5,natural,3,405,0.96,0
5,5,natural,3,406,0.92,0
5,5,natural,3,407,0.92,0
5,5,natural,3,408,1.0,0
5,5,natural,3,409,0.92,0
5,5,natural,3,410,0.8,1
5,5,natural,3,411,0.92,0
5,5,natural,3,412,0.96,0
5,5,natural,3,413,0.8,1
5,5,natural,3,414,1.0,0
5,5,natural,3,415,0.96,0
5,5,natural,3,416,0.68,0
5,5,natural,3,417,0.76,1
5,5,natural,3,418,0.84,1
5,5,natural,3,419,1.0,0
5,5,natural,3,420,0.92,0
5,5,natural,3,421,1.0,0
5,5,natural,3,422,0.96,0
5,5,natural,3,423,0.88,0
5,5,natural,3,424,1.0,0
5,5,natural,3,425,0.88,0
5,5,natural,3,426,0.92,0
5,5,natural,3,427,0.92,0
5,5,natural,3,428,0.84,0
5,5,natural,3,429,0.88,0
5,5,natural,3,430,0.8,0
5,5,natural,3,431,0.84,0
5,5,natural,3,432,0.88,1
5,5,natural,3,433,0.92,0
5,5,natural,3,434,0.96,0
5,5,natural,3,435,0.76,1
5,5,natural,3,436,0.92,0
5,5,natural,3,437,0.84,0
5,5,natural,3,438,0.72,0
5,5,natural,3,439,0.84,0
5,5,natural,3,440,1.0,0
5,5,natural,3,441,0.96,0
5,5,natural,3,442,0.8,1
5,5,natural,3,443,0.92,0
5,5,natural,3,444,0.8,1
5,5,natural,3,445,0.92,0
5,5,natural,3,446,0.84,0
5,5,natural,3,447,1.0,0
5,5,natural,3,448,0.88,0
5,5,natural,3,449,0.88,0
5,5,natural,3,450,0.76,0
5,5,natural,3,451,0.88,1
5,5,natural,3,452,0.96,0
5,5,natural,3,453,0.76,0
5,5,natural,3,454,0.88,0
5,5,natural,3,455,0.72,1
5,5,natural,3,456,0.84,0
5,5,natural,3,457,0.96,0
5,5,natural,3,458,1.0,0
5,5,natural,3,459,1.0,0
5,5,natural,3,460,0.84,0
5,5,natural,3,461,0.96,0
5,5,natural,3,462,1.0,0
5,5,natural,3,463,0.92,0
5,5,natural,3,464,0.68,1
5,5,natural,3,465,0.96,0
5,5,natural,3,466,0.8,1
5,5,natural,3,467,0.88,1
5,5,natural,3,468,0.88,0
5,5,natural,3,469,0.88,0
5,5,natural,3,470,0.96,0
5,5,natural,3,471,0.92,0
5,5,natural,3,472,0.8,0
5,5,natural,3,473,1.0,0
5,5,natural,3,474,0.92,1
5,5,natural,3,475,0.92,0
5,5,natural,3,476,0.76,1
5,5,natural,3,477,0.92,0
5,5,natural,3,478,0.92,0
5,5,natural,3,479,0.68,1
5,5,natural,3,480,0.76,1
5,5,natural,3,481,0.96,0
5,5,natural,3,482,0.92,0
5,5,natural,3,483,1.0,0
5,5,natural,3,484,0.92,0
5,5,natural,3,485,1.0,0
5,5,natural,3,486,0.84,1
5,5,natural,3,487,0.96,0
5,5,natural,3,488,0.84,0
5,5,natural,3,489,0.96,0
5,5,natural,3,490,0.96,0
5,5,natural,3,491,0.96,0
5,5,natural,3,492,0.84,0
5,5,natural,3,493,0.96,0
5,5,natural,3,494,0.76,1
5,5,natural,3,495,0.88,0
5,5,natural,3,496,0.84,1
5,5,natural,3,497,0.76,0
5,5,natural,3,498,0.96,0
5,5,natural,3,499,0.92,0
5,5,natural,4,0,0.92,0
5,5,natural,4,1,0.88,0
5,5,natural,4,2,0.8,0
5,5,natural,4,3,0.96,0
5,5,natural,4,4,0.88,0
5,5,natural,4,5,0.96,0
5,5,natural,4,6,0.88,0
5,5,natural,4,7,0.76,1
5,5,natural,4,8,0.76,1
5,5,natural,4,9,0.76,1
5,5,natural,4,10,0.92,0
5,5,natural,4,11,0.96,0
5,5,natural,4,12,0.92,0
5,5,natural,4,13,0.72,1
5,5,natural,4,14,1.0,0
5,5,natural,4,15,0.8,0
5,5,natural,4,16,0.96,0
5,5,natural,4,17,0.8,1
5,5,natural,4,18,0.96,0
5,5,natural,4,19,0.84,1
5,5,natural,4,20,0.8,0
5,5,natural,4,21,0.84,0
5,5,natural,4,22,0.92,0
5,5,natural,4,23,0.84,1
5,5,natural,4,24,0.92,0
5,5,natural,4,25,1.0,0
5,5,natural,4,26,0.84,1
5,5,natural,4,27,0.92,0
5,5,natural,4,28,0.84,0
5,5,natural,4,29,0.84,1
5,5,natural,4,30,0.88,0
5,5,natural,4,31,0.84,0
5,5,natural,4,32,0.92,0
5,5,natural,4,33,0.88,0
5,5,natural,4,34,0.92,0
5,5,natural,4,35,0.88,0
5,5,natural,4,36,1.0,0
5,5,natural,4,37,0.88,1
5,5,natural,4,38,0.88,0
5,5,natural,4,39,0.92,0
5,5,natural,4,40,0.72,0
5,5,natural,4,41,0.92,0
5,5,natural,4,42,0.76,1
5,5,natural,4,43,0.88,0
5,5,natural,4,44,0.8,1
5,5,natural,4,45,0.84,1
5,5,natural,4,46,0.88,0
5,5,natural,4,47,0.92,0
5,5,natural,4,48,0.88,1
5,5,natural,4,49,0.92,0
5,5,natural,4,50,0.92,0
5,5,natural,4,51,1.0,0
5,5,natural,4,52,0.92,0
5,5,natural,4,53,0.96,0
5,5,natural,4,54,0.92,0
5,5,natural,4,55,1.0,0
5,5,natural,4,56,0.84,0
5,5,natural,4,57,0.64,1
5,5,natural,4,58,0.84,1
5,5,natural,4,59,1.0,0
5,5,natural,4,60,0.92,0
5,5,natural,4,61,0.84,1
5,5,natural,4,62,0.96,0
5,5,natural,4,63,0.76,0
5,5,natural,4,64,0.84,0
5,5,natural,4,65,0.84,0
5,5,natural,4,66,0.72,0
5,5,natural,4,67,0.96,0
5,5,natural,4,68,0.8,0
5,5,natural,4,69,0.88,0
5,5,natural,4,70,1.0,0
5,5,natural,4,71,0.88,0
5,5,natural,4,72,0.72,0
5,5,natural,4,73,0.88,0
5,5,natural,4,74,0.96,0
5,5,natural,4,75,0.84,0
5,5,natural,4,76,0.92,0
5,5,natural,4,77,0.92,0
5,5,natural,4,78,0.92,0
5,5,natural,4,79,0.76,0
5,5,natural,4,80,1.0,0
5,5,natural,4,81,0.88,0
5,5,natural,4,82,1.0,0
5,5,natural,4,83,0.6,1
5,5,natural,4,84,0.84,0
5,5,natural,4,85,0.92,0
5,5,natural,4,86,0.96,0
5,5,natural,4,87,0.84,0
5,5,natural,4,88,0.84,1
5,5,natural,4,89,1.0,0
5,5,natural,4,90,0.8,1
5,5,natural,4,91,0.84,0
5,5,natural,4,92,1.0,0
5,5,natural,4,93,0.92,0
5,5,natural,4,94,0.96,0
5,5,natural,4,95,0.96,0
5,5,natural,4,96,0.92,0
5,5,natural,4,97,0.88,0
5,5,natural,4,98,0.84,0
5,5,natural,4,99,1.0,0
5,5,natural,4,100,0.72,0
5,5,natural,4,101,0.88,0
5,5,natural,4,102,0.84,0
5,5,natural,4,103,0.8,1
5,5,natural,4,104,0.96,0
5,5,natural,4,105,0.84,1
5,5,natural,4,106,0.88,0
5,5,natural,4,107,0.88,1
5,5,natural,4,108,0.88,0
5,5,natural,4,109,0.8,1
5,5,natural,4,110,0.8,0
5,5,natural,4,111,0.96,0
5,5,natural,4,112,0.88,1
5,5,natural,4,113,0.88,0
5,5,natural,4,114,0.64,0
5,5,natural,4,115,0.88,0
5,5,natural,4,116,0.88,0
5,5,natural,4,117,0.76,1
5,5,natural,4,118,0.92,0
5,5,natural,4,119,0.96,0
5,5,natural,4,120,0.96,0
5,5,natural,4,121,0.72,0
5,5,natural,4,122,0.72,0
5,5,natural,4,123,1.0,0
5,5,natural,4,124,0.88,0
5,5,natural,4,125,0.96,0
5,5,natural,4,126,0.92,0
5,5,natural,4,127,1.0,0
5,5,natural,4,128,1.0,0
5,5,natural,4,129,0.88,0
5,5,natural,4,130,0.88,0
5,5,natural,4,131,0.92,0
5,5,natural,4,132,0.84,0
5,5,natural,4,133,0.92,0
5,5,natural,4,134,0.6,1
5,5,natural,4,135,0.84,1
5,5,natural,4,136,0.76,1
5,5,natural,4,137,1.0,0
5,5,natural,4,138,0.92,0
5,5,natural,4,139,0.92,0
5,5,natural,4,140,0.76,1
5,5,natural,4,141,1.0,0
5,5,natural,4,142,0.96,0
5,5,natural,4,143,0.88,0
5,5,natural,4,144,1.0,0
5,5,natural,4,145,0.96,0
5,5,natural,4,146,0.76,0
5,5,natural,4,147,0.96,0
5,5,natural,4,148,0.88,0
5,5,natural,4,149,0.92,0
5,5,natural,4,150,0.96,0
5,5,natural,4,151,0.88,0
5,5,natural,4,152,1.0,0
5,5,natural,4,153,1.0,0
5,5,natural,4,154,0.92,0
5,5,natural,4,155,0.8,0
5,5,natural,4,156,0.72,0
5,5,natural,4,157,0.96,0
5,5,natural,4,158,0.88,0
5,5,natural,4,159,0.8,1
5,5,natural,4,160,0.96,0
5,5,natural,4,161,1.0,0
5,5,natural,4,162,0.84,0
5,5,natural,4,163,0.88,0
5,5,natural,4,164,1.0,0
5,5,natural,4,165,0.88,1
5,5,natural,4,166,0.68,1
5,5,natural,4,167,0.96,0
5,5,natural,4,168,0.88,0
5,5,natural,4,169,0.92,0
5,5,natural,4,170,0.76,1
5,5,natural,4,171,0.92,0
5,5,natural,4,172,0.88,0
5,5,natural,4,173,0.84,0
5,5,natural,4,174,0.92,0
5,5,natural,4,175,0.8,1
5,5,natural,4,176,0.88,0
5,5,natural,4,177,1.0,0
5,5,natural,4,178,0.68,0
5,5,natural,4,179,0.96,0
5,5,natural,4,180,0.96,0
5,5,natural,4,181,0.92,0
5,5,natural,4,182,0.92,0
5,5,natural,4,183,0.96,0
5,5,natural,4,184,1.0,0
5,5,natural,4,185,0.8,0
5,5,natural,4,186,0.88,0
5,5,natural,4,187,1.0,0
5,5,natural,4,188,1.0,0
5,5,natural,4,189,0.8,0
5,5,natural,4,190,0.8,1
5,5,natural,4,191,0.92,0
5,5,natural,4,192,1.0,0
5,5,natural,4,193,1.0,0
5,5,natural,4,194,0.84,1
5,5,natural,4,195,0.8,1
5,5,natural,4,196,0.96,0
5,5,natural,4,197,0.76,1
5,5,natural,4,198,0.92,0
5,5,natural,4,199,0.96,0
5,5,natural,4,200,0.88,0
5,5,natural,4,201,1.0,0
5,5,natural,4,202,0.88,0
5,5,natural,4,203,0.92,0
5,5,natural,4,204,0.96,0
5,5,natural,4,205,1.0,0
5,5,natural,4,206,0.84,0
5,5,natural,4,207,0.8,1
5,5,natural,4,208,0.8,1
5,5,natural,4,209,0.92,0
5,5,natural,4,210,0.96,0
5,5,natural,4,211,0.84,0
5,5,natural,4,212,1.0,0
5,5,natural,4,213,0.96,0
5,5,natural,4,214,0.96,0
5,5,natural,4,215,1.0,0
5,5,natural,4,216,0.84,1
5,5,natural,4,217,0.92,0
5,5,natural,4,218,0.8,1
5,5,natural,4,219,0.88,0
5,5,natural,4,220,0.88,0
5,5,natural,4,221,0.76,0
5,5,natural,4,222,0.84,0
5,5,natural,4,223,0.72,1
5,5,natural,4,224,1.0,0
5,5,natural,4,225,0.64,0
5,5,natural,4,226,0.88,0
5,5,natural,4,227,0.8,0
5,5,natural,4,228,1.0,0
5,5,natural,4,229,0.92,0
5,5,natural,4,230,0.92,0
5,5,natural,4,231,0.92,0
5,5,natural,4,232,0.88,0
5,5,natural,4,233,0.56,1
5,5,natural,4,234,1.0,0
5,5,natural,4,235,0.76,0
5,5,natural,4,236,0.88,0
5,5,natural,4,237,0.72,0
5,5,natural,4,238,0.84,0
5,5,natural,4,239,0.96,0
5,5,natural,4,240,0.92,0
5,5,natural,4,241,0.88,1
5,5,natural,4,242,0.92,0
5,5,natural,4,243,0.84,0
5,5,natural,4,244,0.76,1
5,5,natural,4,245,0.56,1
5,5,natural,4,246,0.68,0
5,5,natural,4,247,0.88,0
5,5,natural,4,248,0.96,0
5,5,natural,4,249,0.88,0
5,5,natural,4,250,0.92,1
5,5,natural,4,251,0.92,0
5,5,natural,4,252,0.96,0
5,5,natural,4,253,1.0,0
5,5,natural,4,254,0.92,0
5,5,natural,4,255,0.8,0
5,5,natural,4,256,1.0,0
5,5,natural,4,257,0.96,0
5,5,natural,4,258,0.88,0
5,5,natural,4,259,0.92,0
5,5,natural,4,260,0.88,0
5,5,natural,4,261,0.96,0
5,5,natural,4,262,0.72,0
5,5,natural,4,263,0.96,0
5,5,natural,4,264,0.92,0
5,5,natural,4,265,0.96,0
5,5,natural,4,266,0.88,0
5,5,natural,4,267,0.96,0
5,5,natural,4,268,0.88,0
5,5,natural,4,269,0.84,0
5,5,natural,4,270,0.88,0
5,5,natural,4,271,0.92,0
5,5,natural,4,272,0.88,0
5,5,natural,4,273,0.72,1
5,5,natural,4,274,0.92,0
5,5,natural,4,275,0.88,0
5,5,natural,4,276,0.92,1
5,5,natural,4,277,0.96,0
5,5,natural,4,278,0.84,0
5,5,natural,4,279,1.0,0
5,5,natural,4,280,1.0,0
5,5,natural,4,281,0.92,0
5,5,natural,4,282,0.8,0
5,5,natural,4,283,0.88,0
5,5,natural,4,284,0.8,0
5,5,natural,4,285,0.96,0
5,5,natural,4,286,0.92,0
5,5,natural,4,287,0.96,0
5,5,natural,4,288,0.88,1
5,5,natural,4,289,0.96,0
5,5,natural,4,290,0.8,1
5,5,natural,4,291,0.84,0
5,5,natural,4,292,0.88,0
5,5,natural,4,293,1.0,0
5,5,natural,4,294,0.92,0
5,5,natural,4,295,0.96,0
5,5,natural,4,296,0.92,0
5,5,natural,4,297,0.8,0
5,5,natural,4,298,0.88,0
5,5,natural,4,299,1.0,0
5,5,natural,4,300,0.76,0
5,5,natural,4,301,0.92,0
5,5,natural,4,302,1.0,0
5,5,natural,4,303,0.96,0
5,5,natural,4,304,0.88,0
5,5,natural,4,305,0.92,0
5,5,natural,4,306,0.8,0
5,5,natural,4,307,0.96,0
5,5,natural,4,308,1.0,0
5,5,natural,4,309,0.96,0
5,5,natural,4,310,0.88,0
5,5,natural,4,311,0.92,0
5,5,natural,4,312,0.92,0
5,5,natural,4,313,0.88,0
5,5,natural,4,314,0.84,0
5,5,natural,4,315,0.88,0
5,5,natural,4,316,0.88,0
5,5,natural,4,317,1.0,0
5,5,natural,4,318,0.88,0
5,5,natural,4,319,0.92,0
5,5,natural,4,320,0.76,1
5,5,natural,4,321,0.76,0
5,5,natural,4,322,0.92,0
5,5,natural,4,323,0.88,0
5,5,natural,4,324,0.96,0
5,5,natural,4,325,0.92,0
5,5,natural,4,326,0.6,1
5,5,natural,4,327,0.84,1
5,5,natural,4,328,0.84,0
5,5,natural,4,329,0.92,0
5,5,natural,4,330,0.72,0
5,5,natural,4,331,0.88,0
5,5,natural,4,332,0.84,0
5,5,natural,4,333,0.88,0
5,5,natural,4,334,0.88,0
5,5,natural,4,335,0.88,0
5,5,natural,4,336,0.88,0
5,5,natural,4,337,0.88,0
5,5,natural,4,338,0.84,1
5,5,natural,4,339,1.0,0
5,5,natural,4,340,0.92,0
5,5,natural,4,341,0.96,0
5,5,natural,4,342,0.72,1
5,5,natural,4,343,0.88,0
5,5,natural,4,344,1.0,0
5,5,natural,4,345,0.88,0
5,5,natural,4,346,0.88,0
5,5,natural,4,347,0.8,1
5,5,natural,4,348,0.88,0
5,5,natural,4,349,0.8,1
5,5,natural,4,350,0.84,0
5,5,natural,4,351,0.92,0
5,5,natural,4,352,0.92,0
5,5,natural,4,353,0.88,0
5,5,natural,4,354,0.8,1
5,5,natural,4,355,1.0,0
5,5,natural,4,356,0.92,0
5,5,natural,4,357,0.88,0
5,5,natural,4,358,0.92,0
5,5,natural,4,359,0.8,0
5,5,natural,4,360,0.8,0
5,5,natural,4,361,0.8,0
5,5,natural,4,362,0.92,0
5,5,natural,4,363,0.96,0
5,5,natural,4,364,0.96,0
5,5,natural,4,365,1.0,0
5,5,natural,4,366,0.92,1
5,5,natural,4,367,0.8,0
5,5,natural,4,368,1.0,0
5,5,natural,4,369,0.84,0
5,5,natural,4,370,0.76,0
5,5,natural,4,371,0.88,0
5,5,natural,4,372,0.8,0
5,5,natural,4,373,0.88,0
5,5,natural,4,374,0.92,0
5,5,natural,4,375,0.84,0
5,5,natural,4,376,0.76,1
5,5,natural,4,377,0.88,0
5,5,natural,4,378,0.96,0
5,5,natural,4,379,0.72,1
5,5,natural,4,380,0.96,0
5,5,natural,4,381,0.76,0
5,5,natural,4,382,0.88,0
5,5,natural,4,383,0.8,0
5,5,natural,4,384,0.84,0
5,5,natural,4,385,1.0,0
5,5,natural,4,386,0.84,1
5,5,natural,4,387,0.84,0
5,5,natural,4,388,0.84,1
5,5,natural,4,389,0.96,0
5,5,natural,4,390,1.0,0
5,5,natural,4,391,1.0,0
5,5,natural,4,392,0.96,0
5,5,natural,4,393,1.0,0
5,5,natural,4,394,1.0,0
5,5,natural,4,395,0.88,1
5,5,natural,4,396,0.96,0
5,5,natural,4,397,0.96,0
5,5,natural,4,398,0.92,0
5,5,natural,4,399,0.84,1
5,5,natural,4,400,0.88,0
5,5,natural,4,401,1.0,0
5,5,natural,4,402,0.88,0
5,5,natural,4,403,0.8,0
5,5,natural,4,404,0.8,0
5,5,natural,4,405,0.92,0
5,5,natural,4,406,0.56,1
5,5,natural,4,407,0.8,0
5,5,natural,4,408,0.96,0
5,5,natural,4,409,0.96,0
5,5,natural,4,410,0.92,0
5,5,natural,4,411,0.96,0
5,5,natural,4,412,0.96,0
5,5,natural,4,413,0.84,0
5,5,natural,4,414,0.8,0
5,5,natural,4,415,0.92,0
5,5,natural,4,416,0.88,0
5,5,natural,4,417,0.6,1
5,5,natural,4,418,0.8,1
5,5,natural,4,419,0.96,0
5,5,natural,4,420,0.96,0
5,5,natural,4,421,0.72,0
5,5,natural,4,422,0.92,0
5,5,natural,4,423,0.96,0
5,5,natural,4,424,0.92,0
5,5,natural,4,425,0.68,1
5,5,natural,4,426,0.88,1
5,5,natural,4,427,0.8,1
5,5,natural,4,428,1.0,0
5,5,natural,4,429,0.76,0
5,5,natural,4,430,1.0,0
5,5,natural,4,431,0.72,0
5,5,natural,4,432,0.88,1
5,5,natural,4,433,0.6,1
5,5,natural,4,434,0.92,0
5,5,natural,4,435,1.0,0
5,5,natural,4,436,0.88,1
5,5,natural,4,437,0.84,1
5,5,natural,4,438,0.88,0
5,5,natural,4,439,0.88,1
5,5,natural,4,440,0.88,0
5,5,natural,4,441,0.92,0
5,5,natural,4,442,0.92,0
5,5,natural,4,443,0.96,0
5,5,natural,4,444,0.72,1
5,5,natural,4,445,1.0,0
5,5,natural,4,446,0.96,0
5,5,natural,4,447,0.92,0
5,5,natural,4,448,0.96,0
5,5,natural,4,449,0.92,0
5,5,natural,4,450,0.8,0
5,5,natural,4,451,0.8,0
5,5,natural,4,452,0.96,0
5,5,natural,4,453,0.84,0
5,5,natural,4,454,0.84,0
5,5,natural,4,455,0.96,0
5,5,natural,4,456,0.88,0
5,5,natural,4,457,0.8,0
5,5,natural,4,458,0.88,0
5,5,natural,4,459,0.92,1
5,5,natural,4,460,0.92,0
5,5,natural,4,461,1.0,0
5,5,natural,4,462,0.88,0
5,5,natural,4,463,1.0,0
5,5,natural,4,464,0.6,1
5,5,natural,4,465,0.96,0
5,5,natural,4,466,0.92,0
5,5,natural,4,467,0.92,0
5,5,natural,4,468,0.8,0
5,5,natural,4,469,0.84,0
5,5,natural,4,470,1.0,0
5,5,natural,4,471,1.0,0
5,5,natural,4,472,1.0,0
5,5,natural,4,473,0.92,0
5,5,natural,4,474,1.0,0
5,5,natural,4,475,0.96,0
5,5,natural,4,476,0.88,1
5,5,natural,4,477,1.0,0
5,5,natural,4,478,0.8,0
5,5,natural,4,479,1.0,0
5,5,natural,4,480,0.8,1
5,5,natural,4,481,0.92,0
5,5,natural,4,482,0.92,0
5,5,natural,4,483,1.0,0
5,5,natural,4,484,0.84,0
5,5,natural,4,485,0.88,0
5,5,natural,4,486,0.96,0
5,5,natural,4,487,0.84,0
5,5,natural,4,488,0.76,1
5,5,natural,4,489,0.72,1
5,5,natural,4,490,0.8,1
5,5,natural,4,491,0.84,0
5,5,natural,4,492,0.92,0
5,5,natural,4,493,0.88,0
5,5,natural,4,494,0.88,0
5,5,natural,4,495,0.76,0
5,5,natural,4,496,0.76,1
5,5,natural,4,497,0.88,0
5,5,natural,4,498,0.84,1
5,5,natural,4,499,0.96,0
5,10,natural,0,0,0.8,0
5,10,natural,0,1,0.88,0
5,10,natural,0,2,0.72,0
5,10,natural,0,3,0.6,1
5,10,natural,0,4,1.0,0
5,10,natural,0,5,0.88,0
5,10,natural,0,6,0.52,1
5,10,natural,0,7,0.92,0
5,10,natural,0,8,0.88,0
5,10,natural,0,9,0.84,0
5,10,natural,0,10,0.96,0
5,10,natural,0,11,0.96,0
5,10,natural,0,12,0.92,0
5,10,natural,0,13,0.96,0
5,10,natural,0,14,0.68,1
5,10,natural,0,15,1.0,0
5,10,natural,0,16,0.96,0
5,10,natural,0,17,0.96,0
5,10,natural,0,18,0.68,1
5,10,natural,0,19,0.96,0
5,10,natural,0,20,0.92,0
5,10,natural,0,21,0.92,0
5,10,natural,0,22,0.88,1
5,10,natural,0,23,0.92,0
5,10,natural,0,24,0.84,0
5,10,natural,0,25,0.92,0
5,10,natural,0,26,0.84,1
5,10,natural,0,27,0.96,1
5,10,natural,0,28,0.96,0
5,10,natural,0,29,0.8,0
5,10,natural,0,30,0.84,0
5,10,natural,0,31,0.76,0
5,10,natural,0,32,0.88,0
5,10,natural,0,33,0.96,0
5,10,natural,0,34,0.64,0
5,10,natural,0,35,0.96,0
5,10,natural,0,36,0.84,1
5,10,natural,0,37,0.76,0
5,10,natural,0,38,0.88,0
5,10,natural,0,39,1.0,0
5,10,natural,0,40,0.64,1
5,10,natural,0,41,1.0,0
5,10,natural,0,42,0.8,1
5,10,natural,0,43,0.96,0
5,10,natural,0,44,0.96,0
5,10,natural,0,45,0.96,1
5,10,natural,0,46,1.0,0
5,10,natural,0,47,0.84,1
5,10,natural,0,48,0.88,1
5,10,natural,0,49,0.96,0
5,10,natural,0,50,0.72,1
5,10,natural,0,51,0.96,0
5,10,natural,0,52,1.0,0
5,10,natural,0,53,0.56,1
5,10,natural,0,54,1.0,0
5,10,natural,0,55,0.96,0
5,10,natural,0,56,1.0,0
5,10,natural,0,57,0.96,0
5,10,natural,0,58,0.88,0
5,10,natural,0,59,0.88,0
5,10,natural,0,60,0.96,0
5,10,natural,0,61,0.96,0
5,10,natural,0,62,1.0,0
5,10,natural,0,63,0.84,0
5,10,natural,0,64,0.84,0
5,10,natural,0,65,0.96,0
5,10,natural,0,66,1.0,0
5,10,natural,0,67,0.84,0
5,10,natural,0,68,1.0,0
5,10,natural,0,69,0.88,0
5,10,natural,0,70,1.0,0
5,10,natural,0,71,0.92,0
5,10,natural,0,72,1.0,0
5,10,natural,0,73,0.92,0
5,10,natural,0,74,0.92,0
5,10,natural,0,75,1.0,0
5,10,natural,0,76,0.96,0
5,10,natural,0,77,0.96,0
5,10,natural,0,78,0.88,0
5,10,natural,0,79,0.84,0
5,10,natural,0,80,0.8,1
5,10,natural,0,81,0.88,1
5,10,natural,0,82,1.0,0
5,10,natural,0,83,0.88,0
5,10,natural,0,84,0.56,1
5,10,natural,0,85,1.0,0
5,10,natural,0,86,0.84,1
5,10,natural,0,87,0.96,0
5,10,natural,0,88,0.88,0
5,10,natural,0,89,0.84,0
5,10,natural,0,90,0.84,0
5,10,natural,0,91,0.84,1
5,10,natural,0,92,1.0,0
5,10,natural,0,93,0.92,0
5,10,natural,0,94,0.92,0
5,10,natural,0,95,0.96,0
5,10,natural,0,96,0.96,0
5,10,natural,0,97,0.76,0
5,10,natural,0,98,1.0,0
5,10,natural,0,99,0.92,0
5,10,natural,0,100,0.76,1
5,10,natural,0,101,0.84,0
5,10,natural,0,102,0.92,0
5,10,natural,0,103,0.84,0
5,10,natural,0,104,0.88,1
5,10,natural,0,105,0.88,0
5,10,natural,0,106,1.0,0
5,10,natural,0,107,0.72,1
5,10,natural,0,108,0.88,0
5,10,natural,0,109,1.0,0
5,10,natural,0,110,0.92,0
5,10,natural,0,111,0.76,0
5,10,natural,0,112,0.96,0
5,10,natural,0,113,1.0,0
5,10,natural,0,114,0.84,0
5,10,natural,0,115,0.92,0
5,10,natural,0,116,1.0,0
5,10,natural,0,117,0.88,1
5,10,natural,0,118,1.0,0
5,10,natural,0,119,0.76,1
5,10,natural,0,120,0.92,0
5,10,natural,0,121,1.0,0
5,10,natural,0,122,1.0,0
5,10,natural,0,123,0.84,1
5,10,natural,0,124,1.0,0
5,10,natural,0,125,1.0,0
5,10,natural,0,126,0.88,0
5,10,natural,0,127,0.92,0
5,10,natural,0,128,0.88,0
5,10,natural,0,129,1.0,0
5,10,natural,0,130,0.92,0
5,10,natural,0,131,0.92,0
5,10,natural,0,132,0.84,0
5,10,natural,0,133,0.96,0
5,10,natural,0,134,0.92,0
5,10,natural,0,135,0.96,0
5,10,natural,0,136,0.88,0
5,10,natural,0,137,0.92,0
5,10,natural,0,138,0.96,0
5,10,natural,0,139,0.92,0
5,10,natural,0,140,0.92,0
5,10,natural,0,141,1.0,0
5,10,natural,0,142,0.88,0
5,10,natural,0,143,0.92,0
5,10,natural,0,144,0.96,0
5,10,natural,0,145,0.88,1
5,10,natural,0,146,0.88,0
5,10,natural,0,147,0.88,0
5,10,natural,0,148,0.96,0
5,10,natural,0,149,0.84,0
5,10,natural,0,150,0.96,0
5,10,natural,0,151,0.96,0
5,10,natural,0,152,0.84,1
5,10,natural,0,153,0.88,0
5,10,natural,0,154,0.84,1
5,10,natural,0,155,0.92,0
5,10,natural,0,156,0.96,0
5,10,natural,0,157,0.84,0
5,10,natural,0,158,0.72,1
5,10,natural,0,159,1.0,0
5,10,natural,0,160,0.88,0
5,10,natural,0,161,0.92,0
5,10,natural,0,162,0.92,0
5,10,natural,0,163,0.88,0
5,10,natural,0,164,0.8,0
5,10,natural,0,165,0.96,0
5,10,natural,0,166,0.96,0
5,10,natural,0,167,0.88,1
5,10,natural,0,168,0.68,0
5,10,natural,0,169,0.92,0
5,10,natural,0,170,0.96,0
5,10,natural,0,171,0.88,0
5,10,natural,0,172,1.0,0
5,10,natural,0,173,0.96,0
5,10,natural,0,174,0.92,0
5,10,natural,0,175,0.84,1
5,10,natural,0,176,0.92,0
5,10,natural,0,177,1.0,0
5,10,natural,0,178,0.8,1
5,10,natural,0,179,0.92,0
5,10,natural,0,180,0.88,0
5,10,natural,0,181,0.92,1
5,10,natural,0,182,1.0,0
5,10,natural,0,183,0.92,0
5,10,natural,0,184,0.84,0
5,10,natural,0,185,1.0,0
5,10,natural,0,186,1.0,0
5,10,natural,0,187,1.0,0
5,10,natural,0,188,0.92,0
5,10,natural,0,189,1.0,0
5,10,natural,0,190,0.76,0
5,10,natural,0,191,0.8,1
5,10,natural,0,192,0.96,0
5,10,natural,0,193,1.0,0
5,10,natural,0,194,0.76,1
5,10,natural,0,195,0.96,0
5,10,natural,0,196,0.92,1
5,10,natural,0,197,0.92,0
5,10,natural,0,198,0.88,0
5,10,natural,0,199,1.0,0
5,10,natural,0,200,0.96,0
5,10,natural,0,201,0.92,0
5,10,natural,0,202,0.96,0
5,10,natural,0,203,0.96,0
5,10,natural,0,204,0.92,0
5,10,natural,0,205,1.0,0
5,10,natural,0,206,0.64,1
5,10,natural,0,207,0.84,0
5,10,natural,0,208,0.92,0
5,10,natural,0,209,1.0,0
5,10,natural,0,210,0.96,0
5,10,natural,0,211,0.8,1
5,10,natural,0,212,0.84,1
5,10,natural,0,213,0.76,1
5,10,natural,0,214,1.0,0
5,10,natural,0,215,0.76,1
5,10,natural,0,216,0.84,0
5,10,natural,0,217,0.96,0
5,10,natural,0,218,0.96,0
5,10,natural,0,219,0.68,1
5,10,natural,0,220,0.96,0
5,10,natural,0,221,0.96,0
5,10,natural,0,222,0.72,1
5,10,natural,0,223,0.96,0
5,10,natural,0,224,1.0,0
5,10,natural,0,225,0.96,0
5,10,natural,0,226,0.96,0
5,10,natural,0,227,0.92,0
5,10,natural,0,228,0.96,0
5,10,natural,0,229,0.88,1
5,10,natural,0,230,0.92,0
5,10,natural,0,231,1.0,0
5,10,natural,0,232,0.84,0
5,10,natural,0,233,0.84,1
5,10,natural,0,234,0.88,0
5,10,natural,0,235,0.88,0
5,10,natural,0,236,0.84,0
5,10,natural,0,237,0.92,0
5,10,natural,0,238,0.96,0
5,10,natural,0,239,0.88,1
5,10,natural,0,240,0.88,0
5,10,natural,0,241,0.96,0
5,10,natural,0,242,0.92,0
5,10,natural,0,243,0.92,0
5,10,natural,0,244,0.96,0
5,10,natural,0,245,0.92,0
5,10,natural,0,246,0.88,0
5,10,natural,0,247,0.92,0
5,10,natural,0,248,0.84,0
5,10,natural,0,249,0.96,0
5,10,natural,0,250,0.92,0
5,10,natural,0,251,1.0,0
5,10,natural,0,252,0.92,0
5,10,natural,0,253,0.84,0
5,10,natural,0,254,1.0,0
5,10,natural,0,255,0.88,0
5,10,natural,0,256,1.0,0
5,10,natural,0,257,0.8,0
5,10,natural,0,258,1.0,0
5,10,natural,0,259,1.0,0
5,10,natural,0,260,1.0,0
5,10,natural,0,261,0.88,0
5,10,natural,0,262,0.92,1
5,10,natural,0,263,0.92,0
5,10,natural,0,264,0.92,1
5,10,natural,0,265,1.0,0
5,10,natural,0,266,1.0,0
5,10,natural,0,267,0.8,0
5,10,natural,0,268,0.96,0
5,10,natural,0,269,0.96,0
5,10,natural,0,270,0.96,0
5,10,natural,0,271,0.8,1
5,10,natural,0,272,0.8,0
5,10,natural,0,273,0.96,0
5,10,natural,0,274,1.0,0
5,10,natural,0,275,0.8,0
5,10,natural,0,276,0.96,0
5,10,natural,0,277,0.96,0
5,10,natural,0,278,0.96,0
5,10,natural,0,279,0.84,0
5,10,natural,0,280,0.96,0
5,10,natural,0,281,0.88,1
5,10,natural,0,282,1.0,0
5,10,natural,0,283,0.8,1
5,10,natural,0,284,1.0,0
5,10,natural,0,285,0.8,1
5,10,natural,0,286,0.84,0
5,10,natural,0,287,0.96,0
5,10,natural,0,288,0.92,0
5,10,natural,0,289,0.92,0
5,10,natural,0,290,0.92,0
5,10,natural,0,291,0.8,1
5,10,natural,0,292,0.88,1
5,10,natural,0,293,0.96,0
5,10,natural,0,294,0.84,1
5,10,natural,0,295,0.92,0
5,10,natural,0,296,1.0,0
5,10,natural,0,297,0.96,0
5,10,natural,0,298,0.88,0
5,10,natural,0,299,0.84,1
5,10,natural,0,300,0.88,0
5,10,natural,0,301,0.88,0
5,10,natural,0,302,0.92,0
5,10,natural,0,303,0.96,0
5,10,natural,0,304,0.92,0
5,10,natural,0,305,0.84,0
5,10,natural,0,306,1.0,0
5,10,natural,0,307,1.0,0
5,10,natural,0,308,0.8,1
5,10,natural,0,309,0.96,0
5,10,natural,0,310,0.96,0
5,10,natural,0,311,1.0,0
5,10,natural,0,312,0.84,0
5,10,natural,0,313,0.92,0
5,10,natural,0,314,0.88,0
5,10,natural,0,315,0.92,0
5,10,natural,0,316,1.0,0
5,10,natural,0,317,0.96,0
5,10,natural,0,318,0.96,0
5,10,natural,0,319,0.96,0
5,10,natural,0,320,0.96,0
5,10,natural,0,321,1.0,0
5,10,natural,0,322,0.8,1
5,10,natural,0,323,0.92,0
5,10,natural,0,324,0.8,1
5,10,natural,0,325,0.96,0
5,10,natural,0,326,0.96,0
5,10,natural,0,327,0.96,0
5,10,natural,0,328,0.96,0
5,10,natural,0,329,0.92,0
5,10,natural,0,330,0.96,0
5,10,natural,0,331,1.0,0
5,10,natural,0,332,0.96,0
5,10,natural,0,333,0.96,0
5,10,natural,0,334,0.96,0
5,10,natural,0,335,0.96,0
5,10,natural,0,336,0.76,1
5,10,natural,0,337,0.96,0
5,10,natural,0,338,0.8,0
5,10,natural,0,339,0.92,0
5,10,natural,0,340,0.92,0
5,10,natural,0,341,0.84,1
5,10,natural,0,342,0.8,1
5,10,natural,0,343,0.92,1
5,10,natural,0,344,0.92,0
5,10,natural,0,345,0.96,0
5,10,natural,0,346,0.92,0
5,10,natural,0,347,0.72,1
5,10,natural,0,348,0.96,0
5,10,natural,0,349,0.84,0
5,10,natural,0,350,0.6,1
5,10,natural,0,351,0.8,1
5,10,natural,0,352,0.64,1
5,10,natural,0,353,1.0,0
5,10,natural,0,354,0.96,0
5,10,natural,0,355,0.84,0
5,10,natural,0,356,0.96,0
5,10,natural,0,357,0.96,0
5,10,natural,0,358,0.92,0
5,10,natural,0,359,0.88,0
5,10,natural,0,360,0.96,0
5,10,natural,0,361,0.92,0
5,10,natural,0,362,0.84,0
5,10,natural,0,363,1.0,0
5,10,natural,0,364,0.8,0
5,10,natural,0,365,0.92,0
5,10,natural,0,366,0.96,0
5,10,natural,0,367,0.96,0
5,10,natural,0,368,0.92,0
5,10,natural,0,369,0.84,0
5,10,natural,0,370,0.92,0
5,10,natural,0,371,0.96,0
5,10,natural,0,372,1.0,0
5,10,natural,0,373,0.68,1
5,10,natural,0,374,0.96,0
5,10,natural,0,375,0.96,0
5,10,natural,0,376,0.96,0
5,10,natural,0,377,0.96,0
5,10,natural,0,378,1.0,0
5,10,natural,0,379,0.76,0
5,10,natural,0,380,1.0,0
5,10,natural,0,381,0.88,0
5,10,natural,0,382,0.88,0
5,10,natural,0,383,0.88,0
5,10,natural,0,384,0.92,1
5,10,natural,0,385,0.84,0
5,10,natural,0,386,0.92,0
5,10,natural,0,387,0.76,0
5,10,natural,0,388,0.96,0
5,10,natural,0,389,0.84,0
5,10,natural,0,390,0.88,0
5,10,natural,0,391,0.84,0
5,10,natural,0,392,0.96,0
5,10,natural,0,393,1.0,0
5,10,natural,0,394,0.92,0
5,10,natural,0,395,0.96,0
5,10,natural,0,396,0.84,0
5,10,natural,0,397,0.8,1
5,10,natural,0,398,1.0,0
5,10,natural,0,399,0.88,0
5,10,natural,0,400,0.88,1
5,10,natural,0,401,0.88,0
5,10,natural,0,402,1.0,0
5,10,natural,0,403,0.88,0
5,10,natural,0,404,0.88,0
5,10,natural,0,405,0.92,0
5,10,natural,0,406,1.0,0
5,10,natural,0,407,0.92,0
5,10,natural,0,408,0.88,0
5,10,natural,0,409,1.0,0
5,10,natural,0,410,0.96,0
5,10,natural,0,411,0.96,1
5,10,natural,0,412,0.96,0
5,10,natural,0,413,0.92,0
5,10,natural,0,414,0.76,1
5,10,natural,0,415,0.88,0
5,10,natural,0,416,0.72,1
5,10,natural,0,417,1.0,0
5,10,natural,0,418,0.88,0
5,10,natural,0,419,0.96,0
5,10,natural,0,420,0.84,0
5,10,natural,0,421,1.0,0
5,10,natural,0,422,0.68,1
5,10,natural,0,423,0.88,0
5,10,natural,0,424,0.92,1
5,10,natural,0,425,0.88,0
5,10,natural,0,426,0.92,0
5,10,natural,0,427,1.0,0
5,10,natural,0,428,0.92,0
5,10,natural,0,429,0.92,0
5,10,natural,0,430,1.0,0
5,10,natural,0,431,1.0,0
5,10,natural,0,432,0.92,0
5,10,natural,0,433,1.0,0
5,10,natural,0,434,0.92,0
5,10,natural,0,435,1.0,0
5,10,natural,0,436,1.0,0
5,10,natural,0,437,0.84,0
5,10,natural,0,438,0.8,1
5,10,natural,0,439,0.96,0
5,10,natural,0,440,1.0,0
5,10,natural,0,441,0.92,0
5,10,natural,0,442,0.72,1
5,10,natural,0,443,0.88,1
5,10,natural,0,444,0.92,0
5,10,natural,0,445,0.96,0
5,10,natural,0,446,1.0,0
5,10,natural,0,447,0.96,0
5,10,natural,0,448,0.96,0
5,10,natural,0,449,0.96,0
5,10,natural,0,450,0.96,0
5,10,natural,0,451,0.88,0
5,10,natural,0,452,0.96,1
5,10,natural,0,453,0.96,0
5,10,natural,0,454,0.92,1
5,10,natural,0,455,0.96,0
5,10,natural,0,456,1.0,0
5,10,natural,0,457,0.68,1
5,10,natural,0,458,0.8,1
5,10,natural,0,459,0.96,0
5,10,natural,0,460,1.0,0
5,10,natural,0,461,0.96,0
5,10,natural,0,462,0.88,0
5,10,natural,0,463,1.0,0
5,10,natural,0,464,0.72,1
5,10,natural,0,465,0.92,1
5,10,natural,0,466,0.88,0
5,10,natural,0,467,1.0,0
5,10,natural,0,468,0.92,0
5,10,natural,0,469,0.76,0
5,10,natural,0,470,0.96,0
5,10,natural,0,471,0.96,0
5,10,natural,0,472,1.0,0
5,10,natural,0,473,0.84,1
5,10,natural,0,474,1.0,0
5,10,natural,0,475,0.76,0
5,10,natural,0,476,1.0,0
5,10,natural,0,477,0.96,0
5,10,natural,0,478,0.88,1
5,10,natural,0,479,1.0,0
5,10,natural,0,480,1.0,0
5,10,natural,0,481,1.0,0
5,10,natural,0,482,0.88,1
5,10,natural,0,483,1.0,0
5,10,natural,0,484,0.96,0
5,10,natural,0,485,0.92,0
5,10,natural,0,486,0.92,0
5,10,natural,0,487,0.96,0
5,10,natural,0,488,0.88,1
5,10,natural,0,489,0.76,0
5,10,natural,0,490,0.88,0
5,10,natural,0,491,0.88,0
5,10,natural,0,492,0.84,0
5,10,natural,0,493,0.92,0
5,10,natural,0,494,0.88,0
5,10,natural,0,495,0.96,0
5,10,natural,0,496,0.8,1
5,10,natural,0,497,0.96,0
5,10,natural,0,498,0.88,0
5,10,natural,0,499,0.96,0
5,10,natural,1,0,0.96,0
5,10,natural,1,1,1.0,0
5,10,natural,1,2,1.0,0
5,10,natural,1,3,1.0,0
5,10,natural,1,4,1.0,0
5,10,natural,1,5,0.88,0
5,10,natural,1,6,0.96,0
5,10,natural,1,7,0.92,0
5,10,natural,1,8,1.0,0
5,10,natural,1,9,0.88,0
5,10,natural,1,10,0.8,0
5,10,natural,1,11,0.88,1
5,10,natural,1,12,0.88,0
5,10,natural,1,13,0.84,0
5,10,natural,1,14,0.96,0
5,10,natural,1,15,0.96,0
5,10,natural,1,16,0.68,1
5,10,natural,1,17,0.88,0
5,10,natural,1,18,0.76,1
5,10,natural,1,19,0.88,0
5,10,natural,1,20,0.96,0
5,10,natural,1,21,0.68,0
5,10,natural,1,22,0.88,0
5,10,natural,1,23,0.92,0
5,10,natural,1,24,0.88,1
5,10,natural,1,25,0.92,0
5,10,natural,1,26,0.8,0
5,10,natural,1,27,1.0,0
5,10,natural,1,28,0.88,0
5,10,natural,1,29,0.8,1
5,10,natural,1,30,0.88,0
5,10,natural,1,31,0.88,0
5,10,natural,1,32,0.96,0
5,10,natural,1,33,0.92,0
5,10,natural,1,34,0.76,1
5,10,natural,1,35,0.84,0
5,10,natural,1,36,0.96,0
5,10,natural,1,37,0.68,1
5,10,natural,1,38,0.92,0
5,10,natural,1,39,0.96,0
5,10,natural,1,40,0.76,1
5,10,natural,1,41,1.0,0
5,10,natural,1,42,0.76,0
5,10,natural,1,43,0.76,1
5,10,natural,1,44,0.92,0
5,10,natural,1,45,0.92,0
5,10,natural,1,46,0.8,0
5,10,natural,1,47,1.0,0
5,10,natural,1,48,0.68,0
5,10,natural,1,49,1.0,0
5,10,natural,1,50,0.76,0
5,10,natural,1,51,0.88,0
5,10,natural,1,52,0.96,0
5,10,natural,1,53,0.96,0
5,10,natural,1,54,0.92,0
5,10,natural,1,55,0.96,0
5,10,natural,1,56,0.76,1
5,10,natural,1,57,0.96,0
5,10,natural,1,58,0.88,0
5,10,natural,1,59,0.92,0
5,10,natural,1,60,1.0,0
5,10,natural,1,61,1.0,0
5,10,natural,1,62,1.0,0
5,10,natural,1,63,0.88,0
5,10,natural,1,64,1.0,0
5,10,natural,1,65,0.92,0
5,10,natural,1,66,0.88,0
5,10,natural,1,67,1.0,0
5,10,natural,1,68,0.76,0
5,10,natural,1,69,1.0,0
5,10,natural,1,70,0.96,0
5,10,natural,1,71,1.0,0
5,10,natural,1,72,1.0,0
5,10,natural,1,73,0.96,0
5,10,natural,1,74,1.0,0
5,10,natural,1,75,0.96,0
5,10,natural,1,76,0.96,0
5,10,natural,1,77,0.88,1
5,10,natural,1,78,0.96,0
5,10,natural,1,79,0.72,0
5,10,natural,1,80,0.92,0
5,10,natural,1,81,0.92,0
5,10,natural,1,82,0.8,0
5,10,natural,1,83,1.0,0
5,10,natural,1,84,0.92,0
5,10,natural,1,85,1.0,0
5,10,natural,1,86,0.96,0
5,10,natural,1,87,0.96,0
5,10,natural,1,88,0.96,0
5,10,natural,1,89,0.96,0
5,10,natural,1,90,0.92,0
5,10,natural,1,91,0.92,0
5,10,natural,1,92,0.92,0
5,10,natural,1,93,0.96,0
5,10,natural,1,94,0.84,1
5,10,natural,1,95,0.96,0
5,10,natural,1,96,0.84,0
5,10,natural,1,97,0.92,1
5,10,natural,1,98,0.92,1
5,10,natural,1,99,0.96,0
5,10,natural,1,100,0.96,1
5,10,natural,1,101,0.92,0
5,10,natural,1,102,0.92,1
5,10,natural,1,103,0.84,0
5,10,natural,1,104,0.84,0
5,10,natural,1,105,0.92,0
5,10,natural,1,106,0.72,1
5,10,natural,1,107,0.88,0
5,10,natural,1,108,1.0,0
5,10,natural,1,109,0.92,1
5,10,natural,1,110,0.96,0
5,10,natural,1,111,1.0,0
5,10,natural,1,112,0.92,0
5,10,natural,1,113,1.0,0
5,10,natural,1,114,0.88,0
5,10,natural,1,115,1.0,0
5,10,natural,1,116,0.92,0
5,10,natural,1,117,0.96,0
5,10,natural,1,118,1.0,0
5,10,natural,1,119,0.84,0
5,10,natural,1,120,0.96,0
5,10,natural,1,121,0.96,0
5,10,natural,1,122,0.96,0
5,10,natural,1,123,0.8,0
5,10,natural,1,124,0.88,0
5,10,natural,1,125,0.8,0
5,10,natural,1,126,0.68,1
5,10,natural,1,127,0.96,0
5,10,natural,1,128,0.96,0
5,10,natural,1,129,0.96,0
5,10,natural,1,130,1.0,0
5,10,natural,1,131,0.96,0
5,10,natural,1,132,1.0,0
5,10,natural,1,133,0.96,0
5,10,natural,1,134,0.76,1
5,10,natural,1,135,0.84,0
5,10,natural,1,136,0.76,1
5,10,natural,1,137,0.96,0
5,10,natural,1,138,1.0,0
5,10,natural,1,139,0.96,0
5,10,natural,1,140,0.88,0
5,10,natural,1,141,1.0,0
5,10,natural,1,142,0.92,0
5,10,natural,1,143,0.96,0
5,10,natural,1,144,0.8,1
5,10,natural,1,145,1.0,0
5,10,natural,1,146,0.84,1
5,10,natural,1,147,1.0,0
5,10,natural,1,148,0.92,0
5,10,natural,1,149,0.92,0
5,10,natural,1,150,0.96,0
5,10,natural,1,151,0.96,0
5,10,natural,1,152,0.96,0
5,10,natural,1,153,0.8,1
5,10,natural,1,154,0.76,0
5,10,natural,1,155,0.92,0
5,10,natural,1,156,0.84,0
5,10,natural,1,157,0.92,0
5,10,natural,1,158,0.92,0
5,10,natural,1,159,1.0,0
5,10,natural,1,160,0.96,1
5,10,natural,1,161,0.84,0
5,10,natural,1,162,0.8,0
5,10,natural,1,163,0.96,0
5,10,natural,1,164,0.88,0
5,10,natural,1,165,0.92,0
5,10,natural,1,166,1.0,0
5,10,natural,1,167,1.0,0
5,10,natural,1,168,0.96,0
5,10,natural,1,169,1.0,0
5,10,natural,1,170,0.72,1
5,10,natural,1,171,1.0,0
5,10,natural,1,172,0.84,0
5,10,natural,1,173,0.92,0
5,10,natural,1,174,1.0,0
5,10,natural,1,175,0.8,0
5,10,natural,1,176,0.96,0
5,10,natural,1,177,0.88,0
5,10,natural,1,178,0.88,0
5,10,natural,1,179,0.96,0
5,10,natural,1,180,0.76,1
5,10,natural,1,181,0.92,0
5,10,natural,1,182,0.92,0
5,10,natural,1,183,1.0,0
5,10,natural,1,184,0.88,1
5,10,natural,1,185,0.96,0
5,10,natural,1,186,0.64,1
5,10,natural,1,187,0.88,1
5,10,natural,1,188,0.96,0
5,10,natural,1,189,0.96,0
5,10,natural,1,190,1.0,0
5,10,natural,1,191,0.76,1
5,10,natural,1,192,1.0,0
5,10,natural,1,193,0.88,0
5,10,natural,1,194,0.96,0
5,10,natural,1,195,0.88,0
5,10,natural,1,196,0.76,0
5,10,natural,1,197,0.92,0
5,10,natural,1,198,0.72,0
5,10,natural,1,199,0.76,1
5,10,natural,1,200,0.92,0
5,10,natural,1,201,1.0,0
5,10,natural,1,202,0.96,0
5,10,natural,1,203,0.8,0
5,10,natural,1,204,0.88,0
5,10,natural,1,205,0.88,1
5,10,natural,1,206,0.8,0
5,10,natural,1,207,0.96,0
5,10,natural,1,208,0.88,0
5,10,natural,1,209,0.68,1
5,10,natural,1,210,0.92,0
5,10,natural,1,211,0.84,1
5,10,natural,1,212,0.84,0
5,10,natural,1,213,0.92,0
5,10,natural,1,214,0.76,1
5,10,natural,1,215,0.88,0
5,10,natural,1,216,0.96,0
5,10,natural,1,217,0.88,0
5,10,natural,1,218,0.92,0
5,10,natural,1,219,0.96,0
5,10,natural,1,220,0.76,1
5,10,natural,1,221,0.92,0
5,10,natural,1,222,0.92,0
5,10,natural,1,223,0.96,0
5,10,natural,1,224,0.8,1
5,10,natural,1,225,0.8,0
5,10,natural,1,226,0.92,1
5,10,natural,1,227,0.88,0
5,10,natural,1,228,0.84,1
5,10,natural,1,229,1.0,0
5,10,natural,1,230,0.72,1
5,10,natural,1,231,0.88,0
5,10,natural,1,232,1.0,0
5,10,natural,1,233,0.92,0
5,10,natural,1,234,1.0,0
5,10,natural,1,235,0.88,0
5,10,natural,1,236,0.96,0
5,10,natural,1,237,0.92,0
5,10,natural,1,238,0.92,0
5,10,natural,1,239,0.92,0
5,10,natural,1,240,0.92,1
5,10,natural,1,241,0.88,0
5,10,natural,1,242,0.56,1
5,10,natural,1,243,0.96,0
5,10,natural,1,244,0.72,1
5,10,natural,1,245,0.92,0
5,10,natural,1,246,0.72,1
5,10,natural,1,247,0.8,0
5,10,natural,1,248,1.0,1
5,10,natural,1,249,0.88,0
5,10,natural,1,250,0.92,0
5,10,natural,1,251,0.84,0
5,10,natural,1,252,0.8,0
5,10,natural,1,253,0.92,0
5,10,natural,1,254,0.84,1
5,10,natural,1,255,0.84,0
5,10,natural,1,256,1.0,0
5,10,natural,1,257,0.92,0
5,10,natural,1,258,0.88,0
5,10,natural,1,259,0.56,1
5,10,natural,1,260,1.0,0
5,10,natural,1,261,0.88,1
5,10,natural,1,262,1.0,0
5,10,natural,1,263,0.8,0
5,10,natural,1,264,0.92,0
5,10,natural,1,265,1.0,0
5,10,natural,1,266,0.96,0
5,10,natural,1,267,0.64,1
5,10,natural,1,268,0.96,0
5,10,natural,1,269,0.96,0
5,10,natural,1,270,0.88,1
5,10,natural,1,271,0.8,0
5,10,natural,1,272,0.96,0
5,10,natural,1,273,0.84,0
5,10,natural,1,274,0.8,0
5,10,natural,1,275,0.72,0
5,10,natural,1,276,0.96,0
5,10,natural,1,277,1.0,0
5,10,natural,1,278,0.72,1
5,10,natural,1,279,0.96,0
5,10,natural,1,280,0.96,0
5,10,natural,1,281,0.92,0
5,10,natural,1,282,0.6,0
5,10,natural,1,283,1.0,0
5,10,natural,1,284,0.88,0
5,10,natural,1,285,0.84,0
5,10,natural,1,286,0.84,0
5,10,natural,1,287,0.96,0
5,10,natural,1,288,1.0,0
5,10,natural,1,289,0.96,0
5,10,natural,1,290,0.96,0
5,10,natural,1,291,0.8,0
5,10,natural,1,292,0.96,0
5,10,natural,1,293,0.92,0
5,10,natural,1,294,0.76,0
5,10,natural,1,295,0.88,0
5,10,natural,1,296,0.92,0
5,10,natural,1,297,0.92,0
5,10,natural,1,298,0.88,0
5,10,natural,1,299,1.0,0
5,10,natural,1,300,0.96,0
5,10,natural,1,301,0.96,0
5,10,natural,1,302,0.84,0
5,10,natural,1,303,0.92,0
5,10,natural,1,304,1.0,0
5,10,natural,1,305,1.0,0
5,10,natural,1,306,0.92,0
5,10,natural,1,307,0.96,0
5,10,natural,1,308,0.96,0
5,10,natural,1,309,0.92,0
5,10,natural,1,310,0.96,0
5,10,natural,1,311,0.88,1
5,10,natural,1,312,0.84,0
5,10,natural,1,313,0.88,0
5,10,natural,1,314,0.88,0
5,10,natural,1,315,0.8,1
5,10,natural,1,316,1.0,0
5,10,natural,1,317,0.96,0
5,10,natural,1,318,0.96,0
5,10,natural,1,319,1.0,0
5,10,natural,1,320,0.92,0
5,10,natural,1,321,0.88,0
5,10,natural,1,322,0.88,0
5,10,natural,1,323,0.88,0
5,10,natural,1,324,0.8,0
5,10,natural,1,325,0.96,0
5,10,natural,1,326,0.76,1
5,10,natural,1,327,0.88,0
5,10,natural,1,328,0.96,0
5,10,natural,1,329,0.88,0
5,10,natural,1,330,0.88,0
5,10,natural,1,331,1.0,0
5,10,natural,1,332,1.0,0
5,10,natural,1,333,1.0,0
5,10,natural,1,334,0.8,1
5,10,natural,1,335,0.92,0
5,10,natural,1,336,0.92,0
5,10,natural,1,337,0.92,0
5,10,natural,1,338,0.92,0
5,10,natural,1,339,0.92,0
5,10,natural,1,340,0.84,1
5,10,natural,1,341,0.92,0
5,10,natural,1,342,1.0,0
5,10,natural,1,343,1.0,0
5,10,natural,1,344,1.0,0
5,10,natural,1,345,0.96,0
5,10,natural,1,346,1.0,0
5,10,natural,1,347,0.92,0
5,10,natural,1,348,0.96,0
5,10,natural,1,349,0.96,0
5,10,natural,1,350,0.88,0
5,10,natural,1,351,0.88,0
5,10,natural,1,352,0.96,0
5,10,natural,1,353,0.68,1
5,10,natural,1,354,0.8,0
5,10,natural,1,355,0.96,0
5,10,natural,1,356,0.92,0
5,10,natural,1,357,0.88,1
5,10,natural,1,358,0.96,0
5,10,natural,1,359,0.92,0
5,10,natural,1,360,1.0,0
5,10,natural,1,361,1.0,0
5,10,natural,1,362,0.84,0
5,10,natural,1,363,0.88,0
5,10,natural,1,364,0.88,1
5,10,natural,1,365,0.8,0
5,10,natural,1,366,0.92,1
5,10,natural,1,367,0.68,1
5,10,natural,1,368,0.92,0
5,10,natural,1,369,0.88,1
5,10,natural,1,370,1.0,0
5,10,natural,1,371,0.84,1
5,10,natural,1,372,0.96,0
5,10,natural,1,373,0.88,0
5,10,natural,1,374,0.96,0
5,10,natural,1,375,0.96,0
5,10,natural,1,376,0.96,0
5,10,natural,1,377,0.96,0
5,10,natural,1,378,1.0,0
5,10,natural,1,379,1.0,0
5,10,natural,1,380,0.56,1
5,10,natural,1,381,1.0,0
5,10,natural,1,382,0.8,1
5,10,natural,1,383,1.0,0
5,10,natural,1,384,1.0,0
5,10,natural,1,385,0.96,1
5,10,natural,1,386,0.92,0
5,10,natural,1,387,0.88,0
5,10,natural,1,388,0.84,0
5,10,natural,1,389,1.0,0
5,10,natural,1,390,0.88,0
5,10,natural,1,391,1.0,0
5,10,natural,1,392,0.96,0
5,10,natural,1,393,0.96,1
5,10,natural,1,394,0.96,0
5,10,natural,1,395,0.84,1
5,10,natural,1,396,0.84,1
5,10,natural,1,397,0.96,0
5,10,natural,1,398,0.8,1
5,10,natural,1,399,0.92,0
5,10,natural,1,400,0.92,0
5,10,natural,1,401,0.96,0
5,10,natural,1,402,0.92,0
5,10,natural,1,403,0.92,0
5,10,natural,1,404,0.88,0
5,10,natural,1,405,0.76,0
5,10,natural,1,406,0.8,0
5,10,natural,1,407,0.92,0
5,10,natural,1,408,0.92,0
5,10,natural,1,409,0.84,0
5,10,natural,1,410,0.8,0
5,10,natural,1,411,0.88,0
5,10,natural,1,412,0.76,1
5,10,natural,1,413,0.96,0
5,10,natural,1,414,1.0,0
5,10,natural,1,415,0.88,1
5,10,natural,1,416,1.0,0
5,10,natural,1,417,0.68,0
5,10,natural,1,418,1.0,0
5,10,natural,1,419,0.84,0
5,10,natural,1,420,1.0,0
5,10,natural,1,421,0.92,0
5,10,natural,1,422,0.96,0
5,10,natural,1,423,1.0,0
5,10,natural,1,424,0.88,1
5,10,natural,1,425,1.0,0
5,10,natural,1,426,0.96,0
5,10,natural,1,427,0.92,0
5,10,natural,1,428,0.96,1
5,10,natural,1,429,0.96,0
5,10,natural,1,430,0.88,0
5,10,natural,1,431,1.0,0
5,10,natural,1,432,0.88,0
5,10,natural,1,433,0.92,0
5,10,natural,1,434,0.76,1
5,10,natural,1,435,0.96,0
5,10,natural,1,436,0.96,0
5,10,natural,1,437,0.84,1
5,10,natural,1,438,1.0,0
5,10,natural,1,439,0.92,0
5,10,natural,1,440,0.68,1
5,10,natural,1,441,0.96,0
5,10,natural,1,442,0.96,0
5,10,natural,1,443,0.96,0
5,10,natural,1,444,0.72,1
5,10,natural,1,445,1.0,0
5,10,natural,1,446,1.0,0
5,10,natural,1,447,0.96,0
5,10,natural,1,448,0.96,0
5,10,natural,1,449,1.0,0
5,10,natural,1,450,1.0,0
5,10,natural,1,451,1.0,0
5,10,natural,1,452,0.96,0
5,10,natural,1,453,0.88,0
5,10,natural,1,454,0.8,1
5,10,natural,1,455,0.96,0
5,10,natural,1,456,0.96,0
5,10,natural,1,457,0.96,0
5,10,natural,1,458,0.76,0
5,10,natural,1,459,0.96,0
5,10,natural,1,460,0.84,0
5,10,natural,1,461,0.96,0
5,10,natural,1,462,0.92,0
5,10,natural,1,463,0.92,0
5,10,natural,1,464,0.88,0
5,10,natural,1,465,0.96,0
5,10,natural,1,466,0.88,0
5,10,natural,1,467,0.96,0
5,10,natural,1,468,0.88,1
5,10,natural,1,469,0.84,0
5,10,natural,1,470,1.0,0
5,10,natural,1,471,0.84,0
5,10,natural,1,472,0.84,0
5,10,natural,1,473,0.96,0
5,10,natural,1,474,0.96,0
5,10,natural,1,475,0.92,0
5,10,natural,1,476,0.96,0
5,10,natural,1,477,1.0,0
5,10,natural,1,478,0.64,1
5,10,natural,1,479,0.52,1
5,10,natural,1,480,0.96,0
5,10,natural,1,481,0.96,0
5,10,natural,1,482,0.92,0
5,10,natural,1,483,0.92,0
5,10,natural,1,484,0.92,0
5,10,natural,1,485,0.92,0
5,10,natural,1,486,0.96,0
5,10,natural,1,487,1.0,0
5,10,natural,1,488,0.92,0
5,10,natural,1,489,1.0,0
5,10,natural,1,490,0.88,0
5,10,natural,1,491,0.88,0
5,10,natural,1,492,0.8,1
5,10,natural,1,493,0.96,0
5,10,natural,1,494,0.88,0
5,10,natural,1,495,0.88,0
5,10,natural,1,496,0.88,0
5,10,natural,1,497,0.96,0
5,10,natural,1,498,0.92,0
5,10,natural,1,499,0.84,1
5,10,natural,2,0,0.84,1
5,10,natural,2,1,0.96,0
5,10,natural,2,2,0.64,1
5,10,natural,2,3,0.92,0
5,10,natural,2,4,0.96,0
5,10,natural,2,5,1.0,0
5,10,natural,2,6,1.0,0
5,10,natural,2,7,0.92,0
5,10,natural,2,8,0.88,0
5,10,natural,2,9,0.92,0
5,10,natural,2,10,0.88,1
5,10,natural,2,11,0.84,0
5,10,natural,2,12,0.96,0
5,10,natural,2,13,0.96,0
5,10,natural,2,14,0.96,0
5,10,natural,2,15,0.88,0
5,10,natural,2,16,0.96,0
5,10,natural,2,17,0.96,0
5,10,natural,2,18,0.92,0
5,10,natural,2,19,1.0,0
5,10,natural,2,20,0.96,1
5,10,natural,2,21,0.88,0
5,10,natural,2,22,0.8,0
5,10,natural,2,23,1.0,0
5,10,natural,2,24,0.96,0
5,10,natural,2,25,0.88,0
5,10,natural,2,26,1.0,0
5,10,natural,2,27,1.0,0
5,10,natural,2,28,1.0,0
5,10,natural,2,29,0.76,1
5,10,natural,2,30,0.84,0
5,10,natural,2,31,0.88,1
5,10,natural,2,32,1.0,0
5,10,natural,2,33,0.84,0
5,10,natural,2,34,0.92,0
5,10,natural,2,35,0.92,0
5,10,natural,2,36,0.88,0
5,10,natural,2,37,0.88,0
5,10,natural,2,38,1.0,0
5,10,natural,2,39,0.96,0
5,10,natural,2,40,0.92,0
5,10,natural,2,41,0.96,0
5,10,natural,2,42,0.8,1
5,10,natural,2,43,1.0,0
5,10,natural,2,44,0.92,0
5,10,natural,2,45,1.0,0
5,10,natural,2,46,0.88,1
5,10,natural,2,47,0.88,0
5,10,natural,2,48,0.92,0
5,10,natural,2,49,0.96,0
5,10,natural,2,50,0.96,0
5,10,natural,2,51,0.92,0
5,10,natural,2,52,0.96,0
5,10,natural,2,53,0.96,0
5,10,natural,2,54,0.84,0
5,10,natural,2,55,1.0,0
5,10,natural,2,56,0.76,0
5,10,natural,2,57,0.92,0
5,10,natural,2,58,0.92,0
5,10,natural,2,59,0.88,0
5,10,natural,2,60,0.8,1
5,10,natural,2,61,0.88,0
5,10,natural,2,62,0.92,0
5,10,natural,2,63,1.0,0
5,10,natural,2,64,1.0,0
5,10,natural,2,65,0.84,1
5,10,natural,2,66,0.92,0
5,10,natural,2,67,1.0,0
5,10,natural,2,68,0.84,0
5,10,natural,2,69,0.88,0
5,10,natural,2,70,0.8,1
5,10,natural,2,71,0.96,0
5,10,natural,2,72,0.92,0
5,10,natural,2,73,0.92,0
5,10,natural,2,74,0.84,0
5,10,natural,2,75,0.84,1
5,10,natural,2,76,1.0,0
5,10,natural,2,77,0.88,0
5,10,natural,2,78,1.0,0
5,10,natural,2,79,0.84,1
5,10,natural,2,80,0.96,0
5,10,natural,2,81,1.0,0
5,10,natural,2,82,0.8,1
5,10,natural,2,83,1.0,0
5,10,natural,2,84,0.96,0
5,10,natural,2,85,0.72,1
5,10,natural,2,86,0.84,0
5,10,natural,2,87,0.96,0
5,10,natural,2,88,0.96,0
5,10,natural,2,89,0.76,0
5,10,natural,2,90,0.96,0
5,10,natural,2,91,1.0,0
5,10,natural,2,92,0.96,0
5,10,natural,2,93,0.88,0
5,10,natural,2,94,0.84,0
5,10,natural,2,95,0.88,0
5,10,natural,2,96,0.92,0
5,10,natural,2,97,0.64,1
5,10,natural,2,98,1.0,0
5,10,natural,2,99,0.92,0
5,10,natural,2,100,0.96,0
5,10,natural,2,101,0.88,0
5,10,natural,2,102,0.92,1
5,10,natural,2,103,0.88,0
5,10,natural,2,104,0.84,1
5,10,natural,2,105,0.92,0
5,10,natural,2,106,0.84,1
5,10,natural,2,107,0.8,1
5,10,natural,2,108,0.92,0
5,10,natural,2,109,0.92,0
5,10,natural,2,110,0.84,0
5,10,natural,2,111,1.0,0
5,10,natural,2,112,0.96,0
5,10,natural,2,113,1.0,0
5,10,natural,2,114,0.76,0
5,10,natural,2,115,0.84,1
5,10,natural,2,116,0.84,1
5,10,natural,2,117,0.96,1
5,10,natural,2,118,0.88,0
5,10,natural,2,119,0.92,0
5,10,natural,2,120,0.68,0
5,10,natural,2,121,0.84,1
5,10,natural,2,122,0.92,0
5,10,natural,2,123,0.96,0
5,10,natural,2,124,0.92,0
5,10,natural,2,125,0.96,0
5,10,natural,2,126,0.92,0
5,10,natural,2,127,1.0,0
5,10,natural,2,128,0.96,0
5,10,natural,2,129,0.96,0
5,10,natural,2,130,0.96,0
5,10,natural,2,131,0.92,0
5,10,natural,2,132,0.88,0
5,10,natural,2,133,0.84,0
5,10,natural,2,134,1.0,0
5,10,natural,2,135,0.92,0
5,10,natural,2,136,0.92,0
5,10,natural,2,137,0.96,0
5,10,natural,2,138,0.92,1
5,10,natural,2,139,0.88,0
5,10,natural,2,140,0.88,1
5,10,natural,2,141,0.92,0
5,10,natural,2,142,0.84,0
5,10,natural,2,143,0.8,0
5,10,natural,2,144,1.0,0
5,10,natural,2,145,0.88,0
5,10,natural,2,146,0.56,1
5,10,natural,2,147,0.96,0
5,10,natural,2,148,0.92,0
5,10,natural,2,149,0.68,1
5,10,natural,2,150,0.88,0
5,10,natural,2,151,0.96,1
5,10,natural,2,152,0.96,1
5,10,natural,2,153,1.0,0
5,10,natural,2,154,0.88,0
5,10,natural,2,155,0.92,0
5,10,natural,2,156,0.84,1
5,10,natural,2,157,1.0,0
5,10,natural,2,158,0.96,0
5,10,natural,2,159,0.88,0
5,10,natural,2,160,1.0,0
5,10,natural,2,161,0.92,0
5,10,natural,2,162,1.0,0
5,10,natural,2,163,0.88,0
5,10,natural,2,164,0.92,0
5,10,natural,2,165,0.88,0
5,10,natural,2,166,0.88,1
5,10,natural,2,167,0.92,0
5,10,natural,2,168,0.96,0
5,10,natural,2,169,0.92,0
5,10,natural,2,170,0.72,1
5,10,natural,2,171,0.88,1
5,10,natural,2,172,0.8,1
5,10,natural,2,173,0.84,0
5,10,natural,2,174,0.96,0
5,10,natural,2,175,0.68,1
5,10,natural,2,176,0.96,0
5,10,natural,2,177,1.0,0
5,10,natural,2,178,0.96,0
5,10,natural,2,179,1.0,0
5,10,natural,2,180,1.0,0
5,10,natural,2,181,1.0,0
5,10,natural,2,182,1.0,0
5,10,natural,2,183,0.92,0
5,10,natural,2,184,0.8,0
5,10,natural,2,185,0.96,0
5,10,natural,2,186,1.0,0
5,10,natural,2,187,1.0,0
5,10,natural,2,188,1.0,0
5,10,natural,2,189,1.0,0
5,10,natural,2,190,0.88,0
5,10,natural,2,191,0.96,0
5,10,natural,2,192,0.96,0
5,10,natural,2,193,1.0,0
5,10,natural,2,194,0.96,0
5,10,natural,2,195,1.0,0
5,10,natural,2,196,0.8,0
5,10,natural,2,197,0.88,1
5,10,natural,2,198,0.88,0
5,10,natural,2,199,0.92,0
5,10,natural,2,200,1.0,0
5,10,natural,2,201,1.0,0
5,10,natural,2,202,0.72,0
5,10,natural,2,203,0.96,0
5,10,natural,2,204,0.96,0
5,10,natural,2,205,0.92,0
5,10,natural,2,206,0.96,0
5,10,natural,2,207,0.88,0
5,10,natural,2,208,0.84,0
5,10,natural,2,209,0.92,0
5,10,natural,2,210,0.96,0
5,10,natural,2,211,1.0,0
5,10,natural,2,212,0.8,0
5,10,natural,2,213,1.0,0
5,10,natural,2,214,1.0,0
5,10,natural,2,215,0.88,0
5,10,natural,2,216,0.92,0
5,10,natural,2,217,0.92,0
5,10,natural,2,218,0.96,0
5,10,natural,2,219,0.88,1
5,10,natural,2,220,0.92,0
5,10,natural,2,221,0.92,0
5,10,natural,2,222,0.96,0
5,10,natural,2,223,1.0,0
5,10,natural,2,224,0.96,0
5,10,natural,2,225,0.92,0
5,10,natural,2,226,0.96,0
5,10,natural,2,227,0.96,0
5,10,natural,2,228,1.0,0
5,10,natural,2,229,0.96,0
5,10,natural,2,230,0.8,1
5,10,natural,2,231,0.92,0
5,10,natural,2,232,0.88,1
5,10,natural,2,233,0.92,1
5,10,natural,2,234,0.76,1
5,10,natural,2,235,0.96,0
5,10,natural,2,236,0.8,0
5,10,natural,2,237,0.84,0
5,10,natural,2,238,0.92,0
5,10,natural,2,239,0.92,0
5,10,natural,2,240,0.92,0
5,10,natural,2,241,0.84,0
5,10,natural,2,242,0.92,0
5,10,natural,2,243,0.96,0
5,10,natural,2,244,0.96,0
5,10,natural,2,245,0.92,0
5,10,natural,2,246,0.88,1
5,10,natural,2,247,0.68,1
5,10,natural,2,248,1.0,0
5,10,natural,2,249,0.84,1
5,10,natural,2,250,0.72,1
5,10,natural,2,251,0.88,1
5,10,natural,2,252,0.92,0
5,10,natural,2,253,0.72,0
5,10,natural,2,254,0.96,0
5,10,natural,2,255,0.88,0
5,10,natural,2,256,0.68,1
5,10,natural,2,257,0.96,0
5,10,natural,2,258,1.0,0
5,10,natural,2,259,0.88,0
5,10,natural,2,260,0.96,0
5,10,natural,2,261,0.88,1
5,10,natural,2,262,0.8,1
5,10,natural,2,263,1.0,0
5,10,natural,2,264,0.88,0
5,10,natural,2,265,1.0,0
5,10,natural,2,266,1.0,0
5,10,natural,2,267,1.0,0
5,10,natural,2,268,0.96,0
5,10,natural,2,269,0.88,0
5,10,natural,2,270,1.0,0
5,10,natural,2,271,1.0,0
5,10,natural,2,272,0.88,0
5,10,natural,2,273,1.0,0
5,10,natural,2,274,0.88,0
5,10,natural,2,275,1.0,0
5,10,natural,2,276,0.88,0
5,10,natural,2,277,1.0,0
5,10,natural,2,278,0.8,0
5,10,natural,2,279,0.84,0
5,10,natural,2,280,0.92,0
5,10,natural,2,281,0.96,0
5,10,natural,2,282,0.96,0
5,10,natural,2,283,1.0,0
5,10,natural,2,284,1.0,0
5,10,natural,2,285,0.84,0
5,10,natural,2,286,0.96,0
5,10,natural,2,287,0.84,0
5,10,natural,2,288,1.0,0
5,10,natural,2,289,1.0,0
5,10,natural,2,290,0.92,0
5,10,natural,2,291,0.96,0
5,10,natural,2,292,0.92,0
5,10,natural,2,293,0.96,0
5,10,natural,2,294,0.88,1
5,10,natural,2,295,0.88,0
5,10,natural,2,296,1.0,0
5,10,natural,2,297,0.64,0
5,10,natural,2,298,0.96,0
5,10,natural,2,299,0.84,0
5,10,natural,2,300,0.92,0
5,10,natural,2,301,0.96,0
5,10,natural,2,302,0.8,0
5,10,natural,2,303,0.88,0
5,10,natural,2,304,0.8,0
5,10,natural,2,305,0.84,0
5,10,natural,2,306,1.0,0
5,10,natural,2,307,0.88,0
5,10,natural,2,308,1.0,0
5,10,natural,2,309,0.76,0
5,10,natural,2,310,1.0,0
5,10,natural,2,311,0.84,1
5,10,natural,2,312,0.92,0
5,10,natural,2,313,0.92,0
5,10,natural,2,314,0.92,0
5,10,natural,2,315,0.88,0
5,10,natural,2,316,0.88,1
5,10,natural,2,317,0.96,0
5,10,natural,2,318,0.84,0
5,10,natural,2,319,0.76,1
5,10,natural,2,320,0.8,0
5,10,natural,2,321,1.0,0
5,10,natural,2,322,0.8,1
5,10,natural,2,323,0.84,1
5,10,natural,2,324,1.0,0
5,10,natural,2,325,0.8,1
5,10,natural,2,326,0.92,0
5,10,natural,2,327,0.96,0
5,10,natural,2,328,0.96,0
5,10,natural,2,329,0.92,0
5,10,natural,2,330,0.84,0
5,10,natural,2,331,0.84,0
5,10,natural,2,332,0.92,0
5,10,natural,2,333,0.96,0
5,10,natural,2,334,0.84,0
5,10,natural,2,335,1.0,0
5,10,natural,2,336,0.88,1
5,10,natural,2,337,0.92,0
5,10,natural,2,338,0.92,0
5,10,natural,2,339,0.92,0
5,10,natural,2,340,0.92,0
5,10,natural,2,341,0.88,1
5,10,natural,2,342,0.92,0
5,10,natural,2,343,0.96,0
5,10,natural,2,344,0.92,0
5,10,natural,2,345,0.76,0
5,10,natural,2,346,1.0,0
5,10,natural,2,347,0.64,1
5,10,natural,2,348,0.96,0
5,10,natural,2,349,0.84,1
5,10,natural,2,350,0.88,0
5,10,natural,2,351,1.0,0
5,10,natural,2,352,0.92,0
5,10,natural,2,353,0.96,0
5,10,natural,2,354,0.96,0
5,10,natural,2,355,0.84,0
5,10,natural,2,356,1.0,0
5,10,natural,2,357,1.0,0
5,10,natural,2,358,0.84,1
5,10,natural,2,359,0.84,0
5,10,natural,2,360,0.96,0
5,10,natural,2,361,1.0,0
5,10,natural,2,362,1.0,0
5,10,natural,2,363,0.96,1
5,10,natural,2,364,0.88,1
5,10,natural,2,365,0.72,0
5,10,natural,2,366,0.92,0
5,10,natural,2,367,0.84,1
5,10,natural,2,368,0.96,0
5,10,natural,2,369,0.96,0
5,10,natural,2,370,0.96,0
5,10,natural,2,371,1.0,0
5,10,natural,2,372,1.0,0
5,10,natural,2,373,0.8,1
5,10,natural,2,374,0.92,0
5,10,natural,2,375,0.92,0
5,10,natural,2,376,0.92,0
5,10,natural,2,377,0.92,0
5,10,natural,2,378,0.92,1
5,10,natural,2,379,0.92,1
5,10,natural,2,380,0.92,0
5,10,natural,2,381,0.88,0
5,10,natural,2,382,1.0,0
5,10,natural,2,383,0.88,1
5,10,natural,2,384,0.6,1
5,10,natural,2,385,1.0,0
5,10,natural,2,386,1.0,0
5,10,natural,2,387,0.96,0
5,10,natural,2,388,0.88,0
5,10,natural,2,389,0.96,0
5,10,natural,2,390,0.92,0
5,10,natural,2,391,0.72,1
5,10,natural,2,392,0.96,0
5,10,natural,2,393,1.0,0
5,10,natural,2,394,1.0,0
5,10,natural,2,395,0.8,0
5,10,natural,2,396,0.92,0
5,10,natural,2,397,0.8,1
5,10,natural,2,398,0.84,0
5,10,natural,2,399,0.76,1
5,10,natural,2,400,0.88,0
5,10,natural,2,401,0.96,0
5,10,natural,2,402,0.88,0
5,10,natural,2,403,1.0,0
5,10,natural,2,404,0.92,0
5,10,natural,2,405,0.84,0
5,10,natural,2,406,0.96,0
5,10,natural,2,407,0.92,0
5,10,natural,2,408,0.84,0
5,10,natural,2,409,0.92,0
5,10,natural,2,410,0.92,1
5,10,natural,2,411,0.96,0
5,10,natural,2,412,0.8,0
5,10,natural,2,413,0.92,0
5,10,natural,2,414,0.76,1
5,10,natural,2,415,1.0,0
5,10,natural,2,416,0.72,1
5,10,natural,2,417,1.0,0
5,10,natural,2,418,1.0,0
5,10,natural,2,419,0.76,0
5,10,natural,2,420,0.8,0
5,10,natural,2,421,1.0,0
5,10,natural,2,422,0.96,0
5,10,natural,2,423,0.96,0
5,10,natural,2,424,0.8,1
5,10,natural,2,425,0.8,1
5,10,natural,2,426,0.92,0
5,10,natural,2,427,0.76,0
5,10,natural,2,428,1.0,0
5,10,natural,2,429,0.96,0
5,10,natural,2,430,1.0,0
5,10,natural,2,431,0.92,0
5,10,natural,2,432,0.92,0
5,10,natural,2,433,0.84,1
5,10,natural,2,434,0.92,0
5,10,natural,2,435,0.92,0
5,10,natural,2,436,0.92,0
5,10,natural,2,437,0.96,1
5,10,natural,2,438,0.92,0
5,10,natural,2,439,0.96,0
5,10,natural,2,440,0.96,0
5,10,natural,2,441,0.8,1
5,10,natural,2,442,0.96,0
5,10,natural,2,443,0.96,0
5,10,natural,2,444,0.84,0
5,10,natural,2,445,0.96,0
5,10,natural,2,446,0.96,0
5,10,natural,2,447,0.8,1
5,10,natural,2,448,0.88,1
5,10,natural,2,449,0.96,0
5,10,natural,2,450,0.6,1
5,10,natural,2,451,1.0,0
5,10,natural,2,452,1.0,0
5,10,natural,2,453,0.92,0
5,10,natural,2,454,0.96,0
5,10,natural,2,455,1.0,0
5,10,natural,2,456,1.0,0
5,10,natural,2,457,0.96,0
5,10,natural,2,458,0.96,0
5,10,natural,2,459,0.84,0
5,10,natural,2,460,0.8,0
5,10,natural,2,461,0.92,0
5,10,natural,2,462,0.96,0
5,10,natural,2,463,0.84,1
5,10,natural,2,464,0.96,0
5,10,natural,2,465,1.0,0
5,10,natural,2,466,0.76,1
5,10,natural,2,467,1.0,0
5,10,natural,2,468,0.92,0
5,10,natural,2,469,0.84,0
5,10,natural,2,470,0.92,0
5,10,natural,2,471,0.84,0
5,10,natural,2,472,0.96,0
5,10,natural,2,473,0.88,0
5,10,natural,2,474,0.84,0
5,10,natural,2,475,0.96,0
5,10,natural,2,476,0.96,0
5,10,natural,2,477,0.88,0
5,10,natural,2,478,0.96,0
5,10,natural,2,479,0.88,0
5,10,natural,2,480,0.96,0
5,10,natural,2,481,0.84,0
5,10,natural,2,482,0.8,0
5,10,natural,2,483,0.92,0
5,10,natural,2,484,0.8,1
5,10,natural,2,485,0.92,0
5,10,natural,2,486,0.96,0
5,10,natural,2,487,0.96,0
5,10,natural,2,488,0.88,0
5,10,natural,2,489,0.96,0
5,10,natural,2,490,0.96,0
5,10,natural,2,491,1.0,0
5,10,natural,2,492,1.0,0
5,10,natural,2,493,0.96,0
5,10,natural,2,494,1.0,0
5,10,natural,2,495,0.84,1
5,10,natural,2,496,0.88,0
5,10,natural,2,497,0.96,0
5,10,natural,2,498,0.8,0
5,10,natural,2,499,0.64,1
5,10,natural,3,0,1.0,0
5,10,natural,3,1,0.92,0
5,10,natural,3,2,1.0,0
5,10,natural,3,3,0.88,0
5,10,natural,3,4,0.76,0
5,10,natural,3,5,1.0,0
5,10,natural,3,6,0.84,0
5,10,natural,3,7,0.76,1
5,10,natural,3,8,0.84,0
5,10,natural,3,9,1.0,0
5,10,natural,3,10,0.96,0
5,10,natural,3,11,0.96,0
5,10,natural,3,12,0.84,1
5,10,natural,3,13,0.88,0
5,10,natural,3,14,0.96,0
5,10,natural,3,15,0.76,1
5,10,natural,3,16,0.72,1
5,10,natural,3,17,0.88,0
5,10,natural,3,18,1.0,0
5,10,natural,3,19,0.76,0
5,10,natural,3,20,1.0,0
5,10,natural,3,21,0.76,1
5,10,natural,3,22,0.96,0
5,10,natural,3,23,1.0,0
5,10,natural,3,24,0.96,0
5,10,natural,3,25,1.0,0
5,10,natural,3,26,0.84,1
5,10,natural,3,27,0.92,0
5,10,natural,3,28,0.96,0
5,10,natural,3,29,1.0,0
5,10,natural,3,30,0.96,0
5,10,natural,3,31,1.0,0
5,10,natural,3,32,0.88,0
5,10,natural,3,33,1.0,0
5,10,natural,3,34,0.96,0
5,10,natural,3,35,0.68,1
5,10,natural,3,36,0.96,0
5,10,natural,3,37,1.0,0
5,10,natural,3,38,0.92,0
5,10,natural,3,39,0.92,0
5,10,natural,3,40,0.96,0
5,10,natural,3,41,0.88,1
5,10,natural,3,42,0.92,0
5,10,natural,3,43,0.92,0
5,10,natural,3,44,0.92,0
5,10,natural,3,45,0.84,0
5,10,natural,3,46,0.96,0
5,10,natural,3,47,0.96,0
5,10,natural,3,48,0.92,0
5,10,natural,3,49,0.96,0
5,10,natural,3,50,0.48,1
5,10,natural,3,51,0.96,0
5,10,natural,3,52,0.92,0
5,10,natural,3,53,0.92,0
5,10,natural,3,54,0.88,1
5,10,natural,3,55,0.96,0
5,10,natural,3,56,0.84,1
5,10,natural,3,57,0.96,0
5,10,natural,3,58,0.76,1
5,10,natural,3,59,0.8,0
5,10,natural,3,60,0.96,0
5,10,natural,3,61,0.88,0
5,10,natural,3,62,1.0,0
5,10,natural,3,63,0.8,1
5,10,natural,3,64,0.92,0
5,10,natural,3,65,0.92,0
5,10,natural,3,66,0.84,0
5,10,natural,3,67,0.96,1
5,10,natural,3,68,0.88,0
5,10,natural,3,69,0.92,0
5,10,natural,3,70,0.96,0
5,10,natural,3,71,1.0,0
5,10,natural,3,72,0.96,0
5,10,natural,3,73,0.96,0
5,10,natural,3,74,0.88,0
5,10,natural,3,75,0.88,0
5,10,natural,3,76,0.8,0
5,10,natural,3,77,1.0,0
5,10,natural,3,78,0.96,0
5,10,natural,3,79,0.96,0
5,10,natural,3,80,0.96,0
5,10,natural,3,81,1.0,0
5,10,natural,3,82,0.84,1
5,10,natural,3,83,0.92,1
5,10,natural,3,84,1.0,0
5,10,natural,3,85,1.0,0
5,10,natural,3,86,1.0,0
5,10,natural,3,87,0.96,0
5,10,natural,3,88,0.92,0
5,10,natural,3,89,0.8,0
5,10,natural,3,90,0.84,1
5,10,natural,3,91,0.64,1
5,10,natural,3,92,1.0,0
5,10,natural,3,93,1.0,0
5,10,natural,3,94,1.0,0
5,10,natural,3,95,0.96,0
5,10,natural,3,96,0.88,0
5,10,natural,3,97,0.8,1
5,10,natural,3,98,0.88,0
5,10,natural,3,99,1.0,0
5,10,natural,3,100,0.96,0
5,10,natural,3,101,0.8,0
5,10,natural,3,102,0.92,0
5,10,natural,3,103,0.88,1
5,10,natural,3,104,0.96,0
5,10,natural,3,105,0.92,0
5,10,natural,3,106,0.8,1
5,10,natural,3,107,1.0,0
5,10,natural,3,108,0.96,0
5,10,natural,3,109,0.8,1
5,10,natural,3,110,1.0,0
5,10,natural,3,111,0.96,0
5,10,natural,3,112,1.0,0
5,10,natural,3,113,0.96,0
5,10,natural,3,114,0.8,0
5,10,natural,3,115,0.96,0
5,10,natural,3,116,0.96,0
5,10,natural,3,117,0.88,1
5,10,natural,3,118,0.76,1
5,10,natural,3,119,0.76,0
5,10,natural,3,120,0.92,0
5,10,natural,3,121,0.8,0
5,10,natural,3,122,0.96,0
5,10,natural,3,123,0.92,0
5,10,natural,3,124,0.96,0
5,10,natural,3,125,0.52,1
5,10,natural,3,126,1.0,0
5,10,natural,3,127,0.92,0
5,10,natural,3,128,0.92,1
5,10,natural,3,129,0.92,0
5,10,natural,3,130,0.88,0
5,10,natural,3,131,0.96,0
5,10,natural,3,132,0.96,0
5,10,natural,3,133,0.96,0
5,10,natural,3,134,0.84,1
5,10,natural,3,135,0.88,0
5,10,natural,3,136,0.88,0
5,10,natural,3,137,0.88,1
5,10,natural,3,138,1.0,0
5,10,natural,3,139,0.96,0
5,10,natural,3,140,0.84,1
5,10,natural,3,141,0.96,0
5,10,natural,3,142,0.88,1
5,10,natural,3,143,0.8,1
5,10,natural,3,144,0.64,1
5,10,natural,3,145,0.92,0
5,10,natural,3,146,0.96,0
5,10,natural,3,147,0.92,0
5,10,natural,3,148,0.84,1
5,10,natural,3,149,0.8,0
5,10,natural,3,150,0.84,0
5,10,natural,3,151,0.6,1
5,10,natural,3,152,0.92,0
5,10,natural,3,153,1.0,0
5,10,natural,3,154,0.96,0
5,10,natural,3,155,1.0,0
5,10,natural,3,156,0.72,1
5,10,natural,3,157,0.92,0
5,10,natural,3,158,0.88,0
5,10,natural,3,159,1.0,0
5,10,natural,3,160,0.96,0
5,10,natural,3,161,0.72,1
5,10,natural,3,162,0.88,0
5,10,natural,3,163,0.88,0
5,10,natural,3,164,0.84,0
5,10,natural,3,165,1.0,0
5,10,natural,3,166,0.96,0
5,10,natural,3,167,0.84,1
5,10,natural,3,168,0.96,0
5,10,natural,3,169,0.84,1
5,10,natural,3,170,0.88,0
5,10,natural,3,171,1.0,0
5,10,natural,3,172,0.96,0
5,10,natural,3,173,0.92,0
5,10,natural,3,174,0.88,0
5,10,natural,3,175,0.96,0
5,10,natural,3,176,0.92,0
5,10,natural,3,177,0.92,0
5,10,natural,3,178,0.96,0
5,10,natural,3,179,1.0,0
5,10,natural,3,180,0.96,0
5,10,natural,3,181,0.88,0
5,10,natural,3,182,0.88,0
5,10,natural,3,183,1.0,0
5,10,natural,3,184,0.76,1
5,10,natural,3,185,1.0,0
5,10,natural,3,186,0.96,0
5,10,natural,3,187,0.88,0
5,10,natural,3,188,0.8,0
5,10,natural,3,189,0.84,0
5,10,natural,3,190,1.0,0
5,10,natural,3,191,1.0,0
5,10,natural,3,192,0.92,0
5,10,natural,3,193,0.88,1
5,10,natural,3,194,0.88,1
5,10,natural,3,195,1.0,0
5,10,natural,3,196,0.96,0
5,10,natural,3,197,0.88,0
5,10,natural,3,198,0.8,1
5,10,natural,3,199,0.96,0
5,10,natural,3,200,0.84,1
5,10,natural,3,201,0.84,0
5,10,natural,3,202,0.96,0
5,10,natural,3,203,0.96,0
5,10,natural,3,204,0.96,0
5,10,natural,3,205,0.72,1
5,10,natural,3,206,0.96,0
5,10,natural,3,207,0.96,0
5,10,natural,3,208,0.72,1
5,10,natural,3,209,0.92,0
5,10,natural,3,210,0.8,0
5,10,natural,3,211,1.0,0
5,10,natural,3,212,1.0,0
5,10,natural,3,213,0.88,0
5,10,natural,3,214,1.0,0
5,10,natural,3,215,0.96,0
5,10,natural,3,216,0.92,0
5,10,natural,3,217,0.64,1
5,10,natural,3,218,0.72,1
5,10,natural,3,219,0.96,0
5,10,natural,3,220,1.0,0
5,10,natural,3,221,0.84,0
5,10,natural,3,222,0.92,0
5,10,natural,3,223,0.92,0
5,10,natural,3,224,0.76,0
5,10,natural,3,225,0.88,0
5,10,natural,3,226,0.84,0
5,10,natural,3,227,0.96,0
5,10,natural,3,228,0.92,0
5,10,natural,3,229,0.92,0
5,10,natural,3,230,1.0,0
5,10,natural,3,231,0.96,0
5,10,natural,3,232,0.96,0
5,10,natural,3,233,0.8,1
5,10,natural,3,234,0.88,0
5,10,natural,3,235,0.96,0
5,10,natural,3,236,1.0,0
5,10,natural,3,237,0.8,0
5,10,natural,3,238,0.88,0
5,10,natural,3,239,1.0,0
5,10,natural,3,240,0.92,0
5,10,natural,3,241,1.0,0
5,10,natural,3,242,0.88,0
5,10,natural,3,243,0.92,0
5,10,natural,3,244,0.64,0
5,10,natural,3,245,0.68,1
5,10,natural,3,246,0.88,0
5,10,natural,3,247,0.92,0
5,10,natural,3,248,0.68,1
5,10,natural,3,249,0.72,1
5,10,natural,3,250,0.92,0
5,10,natural,3,251,0.92,0
5,10,natural,3,252,1.0,0
5,10,natural,3,253,0.96,0
5,10,natural,3,254,1.0,0
5,10,natural,3,255,0.88,0
5,10,natural,3,256,0.96,0
5,10,natural,3,257,1.0,0
5,10,natural,3,258,0.84,1
5,10,natural,3,259,0.88,0
5,10,natural,3,260,0.96,0
5,10,natural,3,261,1.0,0
5,10,natural,3,262,0.96,0
5,10,natural,3,263,0.96,0
5,10,natural,3,264,0.84,0
5,10,natural,3,265,1.0,0
5,10,natural,3,266,0.92,0
5,10,natural,3,267,0.8,0
5,10,natural,3,268,0.88,1
5,10,natural,3,269,0.84,0
5,10,natural,3,270,0.92,0
5,10,natural,3,271,1.0,0
5,10,natural,3,272,0.88,1
5,10,natural,3,273,0.72,1
5,10,natural,3,274,0.92,0
5,10,natural,3,275,0.84,0
5,10,natural,3,276,0.92,0
5,10,natural,3,277,0.76,0
5,10,natural,3,278,0.8,1
5,10,natural,3,279,0.96,0
5,10,natural,3,280,0.96,1
5,10,natural,3,281,1.0,0
5,10,natural,3,282,1.0,0
5,10,natural,3,283,0.92,1
5,10,natural,3,284,0.92,0
5,10,natural,3,285,0.88,0
5,10,natural,3,286,0.92,0
5,10,natural,3,287,0.96,0
5,10,natural,3,288,0.56,1
5,10,natural,3,289,0.88,0
5,10,natural,3,290,0.92,0
5,10,natural,3,291,0.92,0
5,10,natural,3,292,0.68,1
5,10,natural,3,293,0.92,0
5,10,natural,3,294,1.0,0
5,10,natural,3,295,0.96,0
5,10,natural,3,296,1.0,0
5,10,natural,3,297,0.96,0
5,10,natural,3,298,1.0,0
5,10,natural,3,299,0.88,0
5,10,natural,3,300,0.92,1
5,10,natural,3,301,0.84,0
5,10,natural,3,302,0.96,0
5,10,natural,3,303,0.92,0
5,10,natural,3,304,0.76,1
5,10,natural,3,305,0.92,0
5,10,natural,3,306,0.96,0
5,10,natural,3,307,0.96,0
5,10,natural,3,308,0.92,0
5,10,natural,3,309,0.96,0
5,10,natural,3,310,0.68,0
5,10,natural,3,311,0.92,0
5,10,natural,3,312,0.88,1
5,10,natural,3,313,0.84,0
5,10,natural,3,314,1.0,0
5,10,natural,3,315,0.76,1
5,10,natural,3,316,1.0,0
5,10,natural,3,317,0.92,0
5,10,natural,3,318,0.92,0
5,10,natural,3,319,1.0,0
5,10,natural,3,320,0.84,1
5,10,natural,3,321,1.0,0
5,10,natural,3,322,0.92,0
5,10,natural,3,323,0.88,0
5,10,natural,3,324,0.8,0
5,10,natural,3,325,1.0,0
5,10,natural,3,326,0.96,0
5,10,natural,3,327,1.0,0
5,10,natural,3,328,1.0,0
5,10,natural,3,329,1.0,0
5,10,natural,3,330,0.96,0
5,10,natural,3,331,0.88,0
5,10,natural,3,332,0.92,0
5,10,natural,3,333,0.96,0
5,10,natural,3,334,1.0,0
5,10,natural,3,335,1.0,0
5,10,natural,3,336,0.92,0
5,10,natural,3,337,0.88,0
5,10,natural,3,338,0.92,0
5,10,natural,3,339,0.92,0
5,10,natural,3,340,0.88,0
5,10,natural,3,341,0.6,1
5,10,natural,3,342,1.0,0
5,10,natural,3,343,0.96,0
5,10,natural,3,344,1.0,0
5,10,natural,3,345,1.0,0
5,10,natural,3,346,0.88,1
5,10,natural,3,347,1.0,0
5,10,natural,3,348,1.0,0
5,10,natural,3,349,0.96,0
5,10,natural,3,350,0.8,0
5,10,natural,3,351,0.88,1
5,10,natural,3,352,0.76,1
5,10,natural,3,353,0.96,0
5,10,natural,3,354,0.72,1
5,10,natural,3,355,0.76,0
5,10,natural,3,356,1.0,0
5,10,natural,3,357,0.96,0
5,10,natural,3,358,0.88,0
5,10,natural,3,359,1.0,0
5,10,natural,3,360,0.76,1
5,10,natural,3,361,0.96,0
5,10,natural,3,362,0.96,0
5,10,natural,3,363,0.96,0
5,10,natural,3,364,0.92,0
5,10,natural,3,365,1.0,0
5,10,natural,3,366,0.88,0
5,10,natural,3,367,0.92,0
5,10,natural,3,368,0.96,0
5,10,natural,3,369,0.96,0
5,10,natural,3,370,0.96,0
5,10,natural,3,371,1.0,0
5,10,natural,3,372,0.96,0
5,10,natural,3,373,0.88,0
5,10,natural,3,374,1.0,0
5,10,natural,3,375,0.72,1
5,10,natural,3,376,0.92,0
5,10,natural,3,377,0.96,0
5,10,natural,3,378,0.96,0
5,10,natural,3,379,0.72,0
5,10,natural,3,380,0.96,0
5,10,natural,3,381,0.76,1
5,10,natural,3,382,0.92,0
5,10,natural,3,383,0.96,0
5,10,natural,3,384,1.0,0
5,10,natural,3,385,0.96,0
5,10,natural,3,386,0.84,0
5,10,natural,3,387,0.88,0
5,10,natural,3,388,1.0,0
5,10,natural,3,389,0.96,0
5,10,natural,3,390,0.92,0
5,10,natural,3,391,0.84,0
5,10,natural,3,392,0.92,0
5,10,natural,3,393,0.96,0
5,10,natural,3,394,0.96,0
5,10,natural,3,395,0.8,0
5,10,natural,3,396,0.92,0
5,10,natural,3,397,0.84,0
5,10,natural,3,398,0.92,0
5,10,natural,3,399,0.88,0
5,10,natural,3,400,0.88,0
5,10,natural,3,401,0.84,0
5,10,natural,3,402,0.8,1
5,10,natural,3,403,0.88,0
5,10,natural,3,404,1.0,0
5,10,natural,3,405,0.92,0
5,10,natural,3,406,1.0,0
5,10,natural,3,407,0.96,0
5,10,natural,3,408,0.96,0
5,10,natural,3,409,0.96,0
5,10,natural,3,410,1.0,0
5,10,natural,3,411,0.92,0
5,10,natural,3,412,0.84,0
5,10,natural,3,413,1.0,0
5,10,natural,3,414,1.0,0
5,10,natural,3,415,0.96,0
5,10,natural,3,416,0.92,0
5,10,natural,3,417,0.8,1
5,10,natural,3,418,0.84,0
5,10,natural,3,419,0.76,1
5,10,natural,3,420,0.88,0
5,10,natural,3,421,0.96,0
5,10,natural,3,422,1.0,0
5,10,natural,3,423,0.52,1
5,10,natural,3,424,0.76,1
5,10,natural,3,425,1.0,0
5,10,natural,3,426,0.84,1
5,10,natural,3,427,1.0,0
5,10,natural,3,428,0.96,0
5,10,natural,3,429,1.0,0
5,10,natural,3,430,0.76,0
5,10,natural,3,431,0.96,0
5,10,natural,3,432,1.0,0
5,10,natural,3,433,0.96,0
5,10,natural,3,434,0.92,0
5,10,natural,3,435,0.76,0
5,10,natural,3,436,0.92,0
5,10,natural,3,437,0.96,0
5,10,natural,3,438,1.0,0
5,10,natural,3,439,1.0,0
5,10,natural,3,440,0.8,0
5,10,natural,3,441,1.0,0
5,10,natural,3,442,0.92,0
5,10,natural,3,443,0.84,0
5,10,natural,3,444,1.0,0
5,10,natural,3,445,0.8,0
5,10,natural,3,446,0.84,0
5,10,natural,3,447,0.96,0
5,10,natural,3,448,0.88,0
5,10,natural,3,449,0.88,0
5,10,natural,3,450,1.0,0
5,10,natural,3,451,0.76,0
5,10,natural,3,452,1.0,0
5,10,natural,3,453,0.88,1
5,10,natural,3,454,0.96,0
5,10,natural,3,455,1.0,0
5,10,natural,3,456,0.92,0
5,10,natural,3,457,1.0,0
5,10,natural,3,458,0.84,1
5,10,natural,3,459,0.84,1
5,10,natural,3,460,0.96,0
5,10,natural,3,461,1.0,0
5,10,natural,3,462,0.84,0
5,10,natural,3,463,1.0,0
5,10,natural,3,464,1.0,0
5,10,natural,3,465,0.88,0
5,10,natural,3,466,0.96,0
5,10,natural,3,467,0.96,0
5,10,natural,3,468,0.92,0
5,10,natural,3,469,0.96,0
5,10,natural,3,470,0.92,0
5,10,natural,3,471,0.8,1
5,10,natural,3,472,0.92,0
5,10,natural,3,473,0.96,0
5,10,natural,3,474,0.92,0
5,10,natural,3,475,0.92,0
5,10,natural,3,476,0.96,0
5,10,natural,3,477,1.0,0
5,10,natural,3,478,1.0,0
5,10,natural,3,479,1.0,0
5,10,natural,3,480,0.88,1
5,10,natural,3,481,0.96,0
5,10,natural,3,482,0.96,0
5,10,natural,3,483,0.84,0
5,10,natural,3,484,0.92,0
5,10,natural,3,485,0.8,1
5,10,natural,3,486,0.8,1
5,10,natural,3,487,0.8,0
5,10,natural,3,488,0.96,0
5,10,natural,3,489,1.0,0
5,10,natural,3,490,0.96,0
5,10,natural,3,491,1.0,0
5,10,natural,3,492,0.84,1
5,10,natural,3,493,0.88,0
5,10,natural,3,494,0.84,0
5,10,natural,3,495,0.92,0
5,10,natural,3,496,0.92,0
5,10,natural,3,497,0.96,0
5,10,natural,3,498,1.0,0
5,10,natural,3,499,0.76,1
5,10,natural,4,0,0.96,0
5,10,natural,4,1,0.84,1
5,10,natural,4,2,1.0,0
5,10,natural,4,3,0.84,0
5,10,natural,4,4,1.0,0
5,10,natural,4,5,0.96,0
5,10,natural,4,6,0.76,0
5,10,natural,4,7,0.96,0
5,10,natural,4,8,0.96,0
5,10,natural,4,9,0.84,1
5,10,natural,4,10,0.76,1
5,10,natural,4,11,0.76,1
5,10,natural,4,12,0.92,0
5,10,natural,4,13,0.92,0
5,10,natural,4,14,0.92,0
5,10,natural,4,15,0.92,0
5,10,natural,4,16,0.96,0
5,10,natural,4,17,1.0,0
5,10,natural,4,18,0.88,0
5,10,natural,4,19,0.88,0
5,10,natural,4,20,0.76,1
5,10,natural,4,21,0.84,0
5,10,natural,4,22,0.84,0
5,10,natural,4,23,0.92,0
5,10,natural,4,24,0.96,0
5,10,natural,4,25,0.64,1
5,10,natural,4,26,1.0,0
5,10,natural,4,27,1.0,0
5,10,natural,4,28,0.88,0
5,10,natural,4,29,0.96,0
5,10,natural,4,30,0.92,0
5,10,natural,4,31,0.88,0
5,10,natural,4,32,0.96,1
5,10,natural,4,33,0.88,0
5,10,natural,4,34,0.88,0
5,10,natural,4,35,1.0,0
5,10,natural,4,36,0.76,0
5,10,natural,4,37,0.96,0
5,10,natural,4,38,1.0,1
5,10,natural,4,39,1.0,0
5,10,natural,4,40,0.96,0
5,10,natural,4,41,0.84,1
5,10,natural,4,42,0.88,0
5,10,natural,4,43,0.64,1
5,10,natural,4,44,0.84,0
5,10,natural,4,45,0.96,0
5,10,natural,4,46,0.92,0
5,10,natural,4,47,0.6,1
5,10,natural,4,48,0.96,0
5,10,natural,4,49,0.96,0
5,10,natural,4,50,0.96,0
5,10,natural,4,51,0.96,0
5,10,natural,4,52,0.8,0
5,10,natural,4,53,0.96,0
5,10,natural,4,54,0.76,1
5,10,natural,4,55,0.72,0
5,10,natural,4,56,0.84,0
5,10,natural,4,57,0.88,0
5,10,natural,4,58,0.88,0
5,10,natural,4,59,0.92,0
5,10,natural,4,60,0.68,1
5,10,natural,4,61,0.92,0
5,10,natural,4,62,0.88,0
5,10,natural,4,63,0.96,0
5,10,natural,4,64,1.0,0
5,10,natural,4,65,0.96,0
5,10,natural,4,66,1.0,0
5,10,natural,4,67,0.96,0
5,10,natural,4,68,0.92,0
5,10,natural,4,69,0.96,0
5,10,natural,4,70,0.96,0
5,10,natural,4,71,0.92,0
5,10,natural,4,72,1.0,0
5,10,natural,4,73,1.0,0
5,10,natural,4,74,0.76,1
5,10,natural,4,75,0.8,1
5,10,natural,4,76,0.8,0
5,10,natural,4,77,0.96,0
5,10,natural,4,78,0.88,0
5,10,natural,4,79,0.96,0
5,10,natural,4,80,0.96,0
5,10,natural,4,81,0.84,0
5,10,natural,4,82,0.8,0
5,10,natural,4,83,0.88,0
5,10,natural,4,84,1.0,0
5,10,natural,4,85,1.0,0
5,10,natural,4,86,0.92,0
5,10,natural,4,87,0.88,1
5,10,natural,4,88,1.0,0
5,10,natural,4,89,0.76,1
5,10,natural,4,90,0.92,0
5,10,natural,4,91,0.88,0
5,10,natural,4,92,0.92,0
5,10,natural,4,93,0.92,0
5,10,natural,4,94,0.92,0
5,10,natural,4,95,0.92,0
5,10,natural,4,96,0.92,0
5,10,natural,4,97,0.76,0
5,10,natural,4,98,1.0,0
5,10,natural,4,99,0.92,0
5,10,natural,4,100,1.0,0
5,10,natural,4,101,0.92,0
5,10,natural,4,102,0.96,0
5,10,natural,4,103,0.92,0
5,10,natural,4,104,0.92,1
5,10,natural,4,105,1.0,0
5,10,natural,4,106,1.0,0
5,10,natural,4,107,1.0,0
5,10,natural,4,108,1.0,0
5,10,natural,4,109,0.96,0
5,10,natural,4,110,1.0,0
5,10,natural,4,111,0.96,0
5,10,natural,4,112,0.84,0
5,10,natural,4,113,0.96,0
5,10,natural,4,114,0.84,1
5,10,natural,4,115,0.8,0
5,10,natural,4,116,0.88,1
5,10,natural,4,117,0.96,0
5,10,natural,4,118,0.96,0
5,10,natural,4,119,0.88,0
5,10,natural,4,120,0.92,0
5,10,natural,4,121,1.0,0
5,10,natural,4,122,0.76,1
5,10,natural,4,123,1.0,0
5,10,natural,4,124,0.84,1
5,10,natural,4,125,0.88,0
5,10,natural,4,126,0.8,0
5,10,natural,4,127,0.72,1
5,10,natural,4,128,1.0,0
5,10,natural,4,129,0.96,0
5,10,natural,4,130,0.76,1
5,10,natural,4,131,0.96,0
5,10,natural,4,132,0.88,0
5,10,natural,4,133,1.0,1
5,10,natural,4,134,0.96,0
5,10,natural,4,135,0.92,0
5,10,natural,4,136,1.0,0
5,10,natural,4,137,0.88,0
5,10,natural,4,138,1.0,0
5,10,natural,4,139,0.92,0
5,10,natural,4,140,1.0,0
5,10,natural,4,141,0.88,0
5,10,natural,4,142,0.92,1
5,10,natural,4,143,1.0,0
5,10,natural,4,144,0.96,0
5,10,natural,4,145,0.96,0
5,10,natural,4,146,0.76,1
5,10,natural,4,147,1.0,0
5,10,natural,4,148,0.96,0
5,10,natural,4,149,0.96,0
5,10,natural,4,150,1.0,0
5,10,natural,4,151,0.92,0
5,10,natural,4,152,0.96,0
5,10,natural,4,153,0.76,1
5,10,natural,4,154,0.72,1
5,10,natural,4,155,0.96,0
5,10,natural,4,156,0.84,0
5,10,natural,4,157,0.92,0
5,10,natural,4,158,1.0,0
5,10,natural,4,159,1.0,1
5,10,natural,4,160,0.72,1
5,10,natural,4,161,0.84,0
5,10,natural,4,162,0.88,0
5,10,natural,4,163,0.76,1
5,10,natural,4,164,0.88,0
5,10,natural,4,165,1.0,0
5,10,natural,4,166,0.96,0
5,10,natural,4,167,1.0,0
5,10,natural,4,168,0.92,0
5,10,natural,4,169,0.96,0
5,10,natural,4,170,0.88,0
5,10,natural,4,171,1.0,0
5,10,natural,4,172,1.0,0
5,10,natural,4,173,0.84,0
5,10,natural,4,174,0.76,1
5,10,natural,4,175,0.92,0
5,10,natural,4,176,0.96,0
5,10,natural,4,177,0.92,0
5,10,natural,4,178,0.76,1
5,10,natural,4,179,0.96,0
5,10,natural,4,180,0.88,0
5,10,natural,4,181,1.0,0
5,10,natural,4,182,1.0,0
5,10,natural,4,183,0.92,1
5,10,natural,4,184,0.76,1
5,10,natural,4,185,1.0,0
5,10,natural,4,186,0.72,1
5,10,natural,4,187,0.88,0
5,10,natural,4,188,1.0,0
5,10,natural,4,189,0.96,0
5,10,natural,4,190,0.92,0
5,10,natural,4,191,0.92,0
5,10,natural,4,192,0.84,0
5,10,natural,4,193,0.84,0
5,10,natural,4,194,0.92,0
5,10,natural,4,195,0.8,0
5,10,natural,4,196,1.0,0
5,10,natural,4,197,0.96,0
5,10,natural,4,198,0.96,0
5,10,natural,4,199,0.84,0
5,10,natural,4,200,0.84,0
5,10,natural,4,201,0.88,0
5,10,natural,4,202,0.96,0
5,10,natural,4,203,0.84,1
5,10,natural,4,204,1.0,0
5,10,natural,4,205,0.88,0
5,10,natural,4,206,0.92,0
5,10,natural,4,207,1.0,0
5,10,natural,4,208,0.84,0
5,10,natural,4,209,0.84,0
5,10,natural,4,210,0.84,1
5,10,natural,4,211,0.96,0
5,10,natural,4,212,0.92,0
5,10,natural,4,213,0.84,0
5,10,natural,4,214,0.88,0
5,10,natural,4,215,0.96,0
5,10,natural,4,216,0.96,0
5,10,natural,4,217,1.0,0
5,10,natural,4,218,0.88,0
5,10,natural,4,219,0.8,0
5,10,natural,4,220,0.88,0
5,10,natural,4,221,0.88,0
5,10,natural,4,222,1.0,0
5,10,natural,4,223,0.8,0
5,10,natural,4,224,0.8,0
5,10,natural,4,225,0.92,0
5,10,natural,4,226,0.84,0
5,10,natural,4,227,0.96,0
5,10,natural,4,228,0.88,0
5,10,natural,4,229,0.72,0
5,10,natural,4,230,0.92,0
5,10,natural,4,231,0.92,0
5,10,natural,4,232,1.0,0
5,10,natural,4,233,0.92,0
5,10,natural,4,234,1.0,1
5,10,natural,4,235,0.76,1
5,10,natural,4,236,0.84,0
5,10,natural,4,237,0.92,0
5,10,natural,4,238,0.88,0
5,10,natural,4,239,0.92,0
5,10,natural,4,240,0.96,0
5,10,natural,4,241,0.84,1
5,10,natural,4,242,0.96,0
5,10,natural,4,243,0.92,0
5,10,natural,4,244,0.88,0
5,10,natural,4,245,0.96,0
5,10,natural,4,246,0.96,0
5,10,natural,4,247,0.76,0
5,10,natural,4,248,0.8,0
5,10,natural,4,249,0.84,1
5,10,natural,4,250,0.88,1
5,10,natural,4,251,0.92,0
5,10,natural,4,252,0.88,0
5,10,natural,4,253,0.76,1
5,10,natural,4,254,0.96,0
5,10,natural,4,255,0.92,0
5,10,natural,4,256,0.72,1
5,10,natural,4,257,0.96,0
5,10,natural,4,258,0.96,0
5,10,natural,4,259,0.96,0
5,10,natural,4,260,0.92,0
5,10,natural,4,261,0.96,0
5,10,natural,4,262,0.88,1
5,10,natural,4,263,0.88,1
5,10,natural,4,264,1.0,0
5,10,natural,4,265,0.92,0
5,10,natural,4,266,0.72,0
5,10,natural,4,267,0.92,0
5,10,natural,4,268,1.0,0
5,10,natural,4,269,0.88,0
5,10,natural,4,270,0.88,0
5,10,natural,4,271,0.8,1
5,10,natural,4,272,0.96,0
5,10,natural,4,273,0.88,0
5,10,natural,4,274,0.84,0
5,10,natural,4,275,0.96,0
5,10,natural,4,276,1.0,0
5,10,natural,4,277,0.88,0
5,10,natural,4,278,0.76,0
5,10,natural,4,279,0.76,0
5,10,natural,4,280,0.88,0
5,10,natural,4,281,0.84,1
5,10,natural,4,282,0.92,0
5,10,natural,4,283,0.8,1
5,10,natural,4,284,1.0,0
5,10,natural,4,285,0.92,0
5,10,natural,4,286,0.92,0
5,10,natural,4,287,1.0,0
5,10,natural,4,288,0.8,0
5,10,natural,4,289,0.84,0
5,10,natural,4,290,0.8,1
5,10,natural,4,291,0.88,0
5,10,natural,4,292,0.96,0
5,10,natural,4,293,0.96,0
5,10,natural,4,294,0.84,0
5,10,natural,4,295,0.96,0
5,10,natural,4,296,0.92,0
5,10,natural,4,297,0.96,0
5,10,natural,4,298,1.0,0
5,10,natural,4,299,0.92,0
5,10,natural,4,300,0.96,0
5,10,natural,4,301,1.0,0
5,10,natural,4,302,1.0,0
5,10,natural,4,303,0.76,1
5,10,natural,4,304,0.88,0
5,10,natural,4,305,0.92,0
5,10,natural,4,306,1.0,0
5,10,natural,4,307,0.88,0
5,10,natural,4,308,0.88,0
5,10,natural,4,309,0.68,1
5,10,natural,4,310,0.96,0
5,10,natural,4,311,0.72,1
5,10,natural,4,312,0.92,0
5,10,natural,4,313,0.96,0
5,10,natural,4,314,0.88,0
5,10,natural,4,315,0.76,0
5,10,natural,4,316,0.88,0
5,10,natural,4,317,1.0,0
5,10,natural,4,318,1.0,0
5,10,natural,4,319,0.8,0
5,10,natural,4,320,0.92,0
5,10,natural,4,321,0.92,0
5,10,natural,4,322,0.84,0
5,10,natural,4,323,0.96,1
5,10,natural,4,324,0.96,0
5,10,natural,4,325,1.0,0
5,10,natural,4,326,0.92,0
5,10,natural,4,327,0.96,0
5,10,natural,4,328,0.88,1
5,10,natural,4,329,0.76,0
5,10,natural,4,330,1.0,0
5,10,natural,4,331,0.92,0
5,10,natural,4,332,0.96,1
5,10,natural,4,333,0.8,0
5,10,natural,4,334,0.84,0
5,10,natural,4,335,0.88,0
5,10,natural,4,336,1.0,0
5,10,natural,4,337,0.92,0
5,10,natural,4,338,0.64,1
5,10,natural,4,339,0.96,0
5,10,natural,4,340,0.88,0
5,10,natural,4,341,1.0,0
5,10,natural,4,342,1.0,0
5,10,natural,4,343,1.0,0
5,10,natural,4,344,0.88,0
5,10,natural,4,345,0.76,1
5,10,natural,4,346,0.96,0
5,10,natural,4,347,0.96,0
5,10,natural,4,348,1.0,0
5,10,natural,4,349,0.92,0
5,10,natural,4,350,0.8,0
5,10,natural,4,351,0.92,0
5,10,natural,4,352,0.76,0
5,10,natural,4,353,0.88,0
5,10,natural,4,354,0.88,1
5,10,natural,4,355,0.84,0
5,10,natural,4,356,0.92,0
5,10,natural,4,357,0.96,0
5,10,natural,4,358,0.92,0
5,10,natural,4,359,0.96,0
5,10,natural,4,360,1.0,0
5,10,natural,4,361,0.96,0
5,10,natural,4,362,0.76,1
5,10,natural,4,363,0.96,0
5,10,natural,4,364,0.72,0
5,10,natural,4,365,0.92,0
5,10,natural,4,366,0.92,0
5,10,natural,4,367,1.0,1
5,10,natural,4,368,0.72,1
5,10,natural,4,369,0.92,0
5,10,natural,4,370,0.88,0
5,10,natural,4,371,0.96,0
5,10,natural,4,372,0.76,1
5,10,natural,4,373,0.72,1
5,10,natural,4,374,0.84,1
5,10,natural,4,375,1.0,0
5,10,natural,4,376,0.84,0
5,10,natural,4,377,1.0,0
5,10,natural,4,378,0.84,1
5,10,natural,4,379,1.0,0
5,10,natural,4,380,1.0,0
5,10,natural,4,381,0.88,0
5,10,natural,4,382,0.92,0
5,10,natural,4,383,0.96,0
5,10,natural,4,384,1.0,0
5,10,natural,4,385,0.92,0
5,10,natural,4,386,0.92,1
5,10,natural,4,387,0.84,1
5,10,natural,4,388,0.96,0
5,10,natural,4,389,0.72,1
5,10,natural,4,390,0.72,1
5,10,natural,4,391,0.84,0
5,10,natural,4,392,0.84,0
5,10,natural,4,393,0.92,0
5,10,natural,4,394,0.96,0
5,10,natural,4,395,0.96,0
5,10,natural,4,396,0.88,0
5,10,natural,4,397,0.88,0
5,10,natural,4,398,0.84,0
5,10,natural,4,399,1.0,0
5,10,natural,4,400,1.0,0
5,10,natural,4,401,0.92,0
5,10,natural,4,402,1.0,0
5,10,natural,4,403,0.8,1
5,10,natural,4,404,1.0,0
5,10,natural,4,405,0.8,1
5,10,natural,4,406,0.76,1
5,10,natural,4,407,0.92,0
5,10,natural,4,408,0.96,0
5,10,natural,4,409,1.0,0
5,10,natural,4,410,0.88,0
5,10,natural,4,411,0.72,0
5,10,natural,4,412,1.0,0
5,10,natural,4,413,0.92,0
5,10,natural,4,414,1.0,0
5,10,natural,4,415,0.92,0
5,10,natural,4,416,0.88,0
5,10,natural,4,417,0.96,1
5,10,natural,4,418,0.92,0
5,10,natural,4,419,0.88,0
5,10,natural,4,420,0.84,0
5,10,natural,4,421,0.92,0
5,10,natural,4,422,0.96,0
5,10,natural,4,423,0.88,1
5,10,natural,4,424,1.0,0
5,10,natural,4,425,0.96,0
5,10,natural,4,426,0.88,0
5,10,natural,4,427,1.0,0
5,10,natural,4,428,0.96,0
5,10,natural,4,429,0.92,0
5,10,natural,4,430,0.8,0
5,10,natural,4,431,0.92,0
5,10,natural,4,432,0.92,0
5,10,natural,4,433,0.92,0
5,10,natural,4,434,0.84,0
5,10,natural,4,435,0.84,1
5,10,natural,4,436,0.96,0
5,10,natural,4,437,0.96,0
5,10,natural,4,438,0.92,0
5,10,natural,4,439,0.96,0
5,10,natural,4,440,0.96,0
5,10,natural,4,441,1.0,0
5,10,natural,4,442,0.88,0
5,10,natural,4,443,0.8,0
5,10,natural,4,444,0.96,0
5,10,natural,4,445,0.68,1
5,10,natural,4,446,0.88,0
5,10,natural,4,447,0.96,0
5,10,natural,4,448,0.96,0
5,10,natural,4,449,0.84,1
5,10,natural,4,450,0.92,0
5,10,natural,4,451,0.96,0
5,10,natural,4,452,1.0,0
5,10,natural,4,453,0.92,0
5,10,natural,4,454,0.96,0
5,10,natural,4,455,0.88,0
5,10,natural,4,456,0.76,0
5,10,natural,4,457,0.88,0
5,10,natural,4,458,0.88,0
5,10,natural,4,459,0.96,0
5,10,natural,4,460,1.0,0
5,10,natural,4,461,0.96,0
5,10,natural,4,462,0.96,0
5,10,natural,4,463,0.8,1
5,10,natural,4,464,0.96,0
5,10,natural,4,465,0.84,0
5,10,natural,4,466,0.92,0
5,10,natural,4,467,1.0,0
5,10,natural,4,468,0.76,1
5,10,natural,4,469,1.0,0
5,10,natural,4,470,0.92,0
5,10,natural,4,471,1.0,0
5,10,natural,4,472,1.0,0
5,10,natural,4,473,0.76,0
5,10,natural,4,474,0.92,0
5,10,natural,4,475,0.92,0
5,10,natural,4,476,0.84,1
5,10,natural,4,477,0.88,0
5,10,natural,4,478,0.88,0
5,10,natural,4,479,0.96,0
5,10,natural,4,480,0.88,0
5,10,natural,4,481,0.72,1
5,10,natural,4,482,0.88,1
5,10,natural,4,483,0.96,0
5,10,natural,4,484,0.92,0
5,10,natural,4,485,1.0,0
5,10,natural,4,486,0.84,0
5,10,natural,4,487,1.0,0
5,10,natural,4,488,0.88,0
5,10,natural,4,489,0.68,1
5,10,natural,4,490,0.92,0
5,10,natural,4,491,0.92,0
5,10,natural,4,492,0.96,0
5,10,natural,4,493,0.96,0
5,10,natural,4,494,0.88,0
5,10,natural,4,495,0.88,0
5,10,natural,4,496,0.8,1
5,10,natural,4,497,1.0,0
5,10,natural,4,498,1.0,0
5,10,natural,4,499,0.88,0
